ticker,company_name,date,year,quarter,month,close_price,open_price,high_price,low_price,volume,shares_outstanding,market_cap,market_cap_billions,revenue,revenue_millions,gross_profit,net_income,operating_income,ebitda,ps_ratio,current_pe,forward_pe,current_ps,current_pb,peg_ratio,revenue_qoq_pct,revenue_yoy_pct,market_cap_yoy_pct,user_dau_millions,user_subscribers_millions,sector,industry,country,employees,year_quarter
HUBB,HUBBELL INC,2015-01-01 00:00:00-05:00,2015,1,1,84.17158508300781,84.79866570072616,86.37827031275096,80.97268483586217,8150194,53140009,4472878788.855301,4.472878788855301,,,,,,,,27.2513,23.68341,3.9636836,6.394289,,,,,,,Industrials,Electrical Equipment & Parts,United States,17800,2015-Q1
HUBB,HUBBELL INC,2015-02-01 00:00:00-05:00,2015,1,2,90.33124542236328,85.03678220108908,92.89829863364132,84.45733210044527,5780982,53140009,4800203194.725594,4.800203194725594,,,,,,,,27.2513,23.68341,3.9636836,6.394289,,,,,,,Industrials,Electrical Equipment & Parts,United States,17800,2015-Q1
HUBB,HUBBELL INC,2015-03-01 00:00:00-05:00,2015,1,3,87.43431854248047,91.16714674179744,91.25488463784166,85.33659295471791,7915088,53140009,4646260474.256279,4.646260474256279,,,,,,,,27.2513,23.68341,3.9636836,6.394289,,,,,,,Industrials,Electrical Equipment & Parts,United States,17800,2015-Q1
HUBB,HUBBELL INC,2015-04-01 00:00:00-04:00,2015,2,4,86.80423736572266,87.20304392597833,90.00266159755341,85.95876331997312,7502950,53140009,4612777954.852638,4.612777954852638,,,,,,,,27.2513,23.68341,3.9636836,6.394289,,,,,,,Industrials,Electrical Equipment & Parts,United States,17800,2015-Q2
HUBB,HUBBELL INC,2015-05-01 00:00:00-04:00,2015,2,5,86.16612243652344,87.59385028796886,89.73145314861013,85.71946115036974,5085473,53140009,4578868521.771957,4.578868521771957,,,,,,,,27.2513,23.68341,3.9636836,6.394289,,,,,,,Industrials,Electrical Equipment & Parts,United States,17800,2015-Q2
HUBB,HUBBELL INC,2015-06-01 00:00:00-04:00,2015,2,6,86.80834197998047,87.10497409413752,89.72653846488787,86.07879591700582,6535972,53140009,4612996074.09124,4.61299607409124,,,,,,,,27.2513,23.68341,3.9636836,6.394289,,,,,,,Industrials,Electrical Equipment & Parts,United States,17800,2015-Q2
HUBB,HUBBELL INC,2015-07-01 00:00:00-04:00,2015,3,7,83.70574951171875,87.16910359334385,87.70624272691327,81.89390039692067,7352417,53140009,4448124282.40448,4.44812428240448,,,,,,,,27.2513,23.68341,3.9636836,6.394289,,,,,,,Industrials,Electrical Equipment & Parts,United States,17800,2015-Q3
HUBB,HUBBELL INC,2015-08-01 00:00:00-04:00,2015,3,8,79.10399627685547,84.01041852742705,85.5176172554562,64.40077311933597,4788086,53140009,4203587074.088066,4.203587074088066,,,,,,,,27.2513,23.68341,3.9636836,6.394289,,,,,,,Industrials,Electrical Equipment & Parts,United States,17800,2015-Q3
HUBB,HUBBELL INC,2015-09-01 00:00:00-04:00,2015,3,9,68.50196075439453,78.03336963372773,79.51711164765263,66.46182086841368,7860512,53140009,3640194811.006172,3.640194811006172,,,,,,,,27.2513,23.68341,3.9636836,6.394289,,,,,,,Industrials,Electrical Equipment & Parts,United States,17800,2015-Q3
HUBB,HUBBELL INC,2015-10-01 00:00:00-04:00,2015,4,10,78.09783172607422,68.4535363140022,78.58165806170737,67.61490112788478,6476759,53140009,4150119480.8040695,4.15011948080407,,,,,,,,27.2513,23.68341,3.9636836,6.394289,,,,,,,Industrials,Electrical Equipment & Parts,United States,17800,2015-Q4
HUBB,HUBBELL INC,2015-11-01 00:00:00-04:00,2015,4,11,80.06539154052734,78.61390651903214,81.22657955772351,73.46114392100174,5733652,53140009,4254675627.052147,4.254675627052147,,,,,,,,27.2513,23.68341,3.9636836,6.394289,,,,,,,Industrials,Electrical Equipment & Parts,United States,17800,2015-Q4
HUBB,HUBBELL INC,2015-12-01 00:00:00-05:00,2015,4,12,82.00074005126953,80.58049763450933,84.78441543579015,74.25838921917632,6383046,53140009,4357520064.331123,4.357520064331124,,,,,,,,27.2513,23.68341,3.9636836,6.394289,,,,,,,Industrials,Electrical Equipment & Parts,United States,17800,2015-Q4
HUBB,HUBBELL INC,2016-01-01 00:00:00-05:00,2016,1,1,73.3900146484375,82.00074225637564,83.50214018468643,67.48992443138376,8157576,53140009,3899946038.9281006,3.8999460389281007,,,,,,,,27.2513,23.68341,3.9636836,6.394289,,,,-12.80903813791532,,,Industrials,Electrical Equipment & Parts,United States,17800,2016-Q1
HUBB,HUBBELL INC,2016-02-01 00:00:00-05:00,2016,1,2,80.6373062133789,72.6839462886376,81.29467357210665,70.24932552198639,6587705,53140009,4285067177.914711,4.285067177914711,,,,,,,,27.2513,23.68341,3.9636836,6.394289,,,,-10.731546059902374,,,Industrials,Electrical Equipment & Parts,United States,17800,2016-Q1
HUBB,HUBBELL INC,2016-03-01 00:00:00-05:00,2016,1,3,86.53313446044922,81.95038230581683,87.12946674082426,79.84590890458904,6624600,53140009,4598371544.026482,4.598371544026482,,,,,,,,27.2513,23.68341,3.9636836,6.394289,,,,-1.0306983539803083,,,Industrials,Electrical Equipment & Parts,United States,17800,2016-Q1
HUBB,HUBBELL INC,2016-04-01 00:00:00-04:00,2016,2,4,86.39425659179688,85.70806600157468,90.862644257014,85.13624570336769,4983241,53140009,4590991572.836395,4.590991572836395,,,,,,,,27.2513,23.68341,3.9636836,6.394289,,,,-0.472305023772579,,,Industrials,Electrical Equipment & Parts,United States,17800,2016-Q2
HUBB,HUBBELL INC,2016-05-01 00:00:00-04:00,2016,2,5,86.81087493896484,86.69651086735277,88.33029044166743,83.4697987010311,3881787,53140009,4613130675.554466,4.6131306755544665,,,,,,,,27.2513,23.68341,3.9636836,6.394289,,,,0.7482668178742546,,,Industrials,Electrical Equipment & Parts,United States,17800,2016-Q2
HUBB,HUBBELL INC,2016-06-01 00:00:00-04:00,2016,2,6,86.67119598388672,86.75337088905717,87.52171597019317,79.99848960962564,6629761,53140009,4605708134.624504,4.605708134624504,,,,,,,,27.2513,23.68341,3.9636836,6.394289,,,,-0.15798711617528438,,,Industrials,Electrical Equipment & Parts,United States,17800,2016-Q2
HUBB,HUBBELL INC,2016-07-01 00:00:00-04:00,2016,3,7,88.61060333251953,86.69589625183978,88.67634580119322,84.94554534284426,3527513,53140009,4708768258.585518,4.7087682585855175,,,,,,,,27.2513,23.68341,3.9636836,6.394289,,,,5.859637897530678,,,Industrials,Electrical Equipment & Parts,United States,17800,2016-Q3
HUBB,HUBBELL INC,2016-08-01 00:00:00-04:00,2016,3,8,89.0050277709961,88.57771434933423,89.79391842836496,85.61937281681456,3602103,53140009,4729727976.795982,4.729727976795982,,,,,,,,27.2513,23.68341,3.9636836,6.394289,,,,12.51647446418267,,,Industrials,Electrical Equipment & Parts,United States,17800,2016-Q3
HUBB,HUBBELL INC,2016-09-01 00:00:00-04:00,2016,3,9,89.05650329589844,89.63511812058289,90.37078022517836,84.08045111922742,3724423,53140009,4732463386.652573,4.732463386652572,,,,,,,,27.2513,23.68341,3.9636836,6.394289,,,,30.005772557664034,,,Industrials,Electrical Equipment & Parts,United States,17800,2016-Q3
HUBB,HUBBELL INC,2016-10-01 00:00:00-04:00,2016,4,10,86.39491271972656,88.46138123040694,89.04826383703823,83.6093172034007,4116172,53140009,4591026439.480484,4.591026439480484,,,,,,,,27.2513,23.68341,3.9636836,6.394289,,,,10.623958194837101,,,Industrials,Electrical Equipment & Parts,United States,17800,2016-Q4
HUBB,HUBBELL INC,2016-11-01 00:00:00-04:00,2016,4,11,92.80921173095703,86.86604762171756,93.85071339032858,83.98952763764758,8515981,53140009,4931882346.665962,4.9318823466659625,,,,,,,,27.2513,23.68341,3.9636836,6.394289,,,,15.916764965770568,,,Industrials,Electrical Equipment & Parts,United States,17800,2016-Q4
HUBB,HUBBELL INC,2016-12-01 00:00:00-05:00,2016,4,12,97.06303405761719,94.21851471374305,99.01760756598077,93.11231063147895,5960823,53140009,5157930503.389084,5.157930503389084,,,,,,,,27.2513,23.68341,3.9636836,6.394289,,,,18.36848545138765,,,Industrials,Electrical Equipment & Parts,United States,17800,2016-Q4
HUBB,HUBBELL INC,2017-01-01 00:00:00-05:00,2017,1,1,101.53777313232422,97.0630540378914,103.9664273523289,95.71565320059379,5671397,53140009,5395718178.091667,5.395718178091667,,,,,,,,27.2513,23.68341,3.9636836,6.394289,,,,38.35366244130596,,,Industrials,Electrical Equipment & Parts,United States,17800,2017-Q1
HUBB,HUBBELL INC,2017-02-01 00:00:00-05:00,2017,1,2,98.65997314453125,102.36949413348928,104.73992716677333,98.50194216044348,4893296,53140009,5242791860.840149,5.242791860840149,,,,,,,,27.2513,23.68341,3.9636836,6.394289,,,,22.3502839783134,,,Industrials,Electrical Equipment & Parts,United States,17800,2017-Q1
HUBB,HUBBELL INC,2017-03-01 00:00:00-05:00,2017,1,3,100.43270874023438,100.69204979580276,102.89228087806491,96.71824426153353,4239934,53140009,5336995046.350433,5.336995046350434,,,,,,,,27.2513,23.68341,3.9636836,6.394289,,,,16.062719057216277,,,Industrials,Electrical Equipment & Parts,United States,17800,2017-Q1
HUBB,HUBBELL INC,2017-04-01 00:00:00-04:00,2017,2,4,94.64351654052734,100.77572874226114,102.54922059179427,94.55149104032375,5294559,53140009,5029357320.755272,5.029357320755272,,,,,,,,27.2513,23.68341,3.9636836,6.394289,,,,9.54838929595434,,,Industrials,Electrical Equipment & Parts,United States,17800,2017-Q2
HUBB,HUBBELL INC,2017-05-01 00:00:00-04:00,2017,2,5,96.96923828125,95.02834158615347,98.61731672083842,91.60668843346701,7284800,53140009,5152946194.98877,5.152946194988769,,,,,,,,27.2513,23.68341,3.9636836,6.394289,,,,11.70171749729203,,,Industrials,Electrical Equipment & Parts,United States,17800,2017-Q2
HUBB,HUBBELL INC,2017-06-01 00:00:00-04:00,2017,2,6,95.24703216552734,97.79716378930245,101.5255758100438,94.12766546735382,6374357,53140009,5061428146.499413,5.061428146499413,,,,,,,,27.2513,23.68341,3.9636836,6.394289,,,,9.89467848492016,,,Industrials,Electrical Equipment & Parts,United States,17800,2017-Q2
HUBB,HUBBELL INC,2017-07-01 00:00:00-04:00,2017,3,7,99.97698974609375,95.44903346952574,102.19888712697066,94.44749410623454,6492112,53140009,5312778134.90033,5.31277813490033,,,,,,,,27.2513,23.68341,3.9636836,6.394289,,,,12.827343439837335,,,Industrials,Electrical Equipment & Parts,United States,17800,2017-Q3
HUBB,HUBBELL INC,2017-08-01 00:00:00-04:00,2017,3,8,94.92721557617188,100.12847647224717,101.20575920186212,92.09934520037686,5377124,53140009,5044433090.062714,5.0444330900627135,,,,,,,,27.2513,23.68341,3.9636836,6.394289,,,,6.653767717946413,,,Industrials,Electrical Equipment & Parts,United States,17800,2017-Q3
HUBB,HUBBELL INC,2017-09-01 00:00:00-04:00,2017,3,9,98.26937103271484,96.08410629559208,98.71828844292341,92.5902158694698,6115667,53140009,5222035261.102806,5.222035261102806,,,,,,,,27.2513,23.68341,3.9636836,6.394289,,,,10.344969088002266,,,Industrials,Electrical Equipment & Parts,United States,17800,2017-Q3
HUBB,HUBBELL INC,2017-10-01 00:00:00-04:00,2017,4,10,106.57002258300781,98.37102517696553,107.85738156511587,97.13440034958666,8418338,53140009,5663131959.191238,5.663131959191238,,,,,,,,27.2513,23.68341,3.9636836,6.394289,,,,23.352196591402617,,,Industrials,Electrical Equipment & Parts,United States,17800,2017-Q4
HUBB,HUBBELL INC,2017-11-01 00:00:00-04:00,2017,4,11,106.5445785522461,107.19676844989341,107.95060110107153,101.14916355048456,6185393,53140009,5661779863.167564,5.661779863167564,,,,,,,,27.2513,23.68341,3.9636836,6.394289,,,,14.799572763430291,,,Industrials,Electrical Equipment & Parts,United States,17800,2017-Q4
HUBB,HUBBELL INC,2017-12-01 00:00:00-05:00,2017,4,12,115.33779907226562,107.13104040272788,118.42280011173298,104.47214975970036,6353050,53140009,6129051680.740387,6.129051680740387,,,,,,,,27.2513,23.68341,3.9636836,6.394289,,,,18.827729003196445,,,Industrials,Electrical Equipment & Parts,United States,17800,2017-Q4
HUBB,HUBBELL INC,2018-01-01 00:00:00-05:00,2018,1,1,115.857666015625,115.33781865578766,127.0045473517315,113.25842921643827,8130069,53140009,6156677414.789307,6.156677414789307,,,,,,,,27.2513,23.68341,3.9636836,6.394289,,,,14.10302042436864,,,Industrials,Electrical Equipment & Parts,United States,17800,2018-Q1
HUBB,HUBBELL INC,2018-02-01 00:00:00-05:00,2018,1,2,111.68185424804688,115.88323319225861,119.20685199349798,108.00031617071912,6867794,53140009,5934774739.877899,5.934774739877899,,,,,,,,27.2513,23.68341,3.9636836,6.394289,,,,13.198747869553241,,,Industrials,Electrical Equipment & Parts,United States,17800,2018-Q1
HUBB,HUBBELL INC,2018-03-01 00:00:00-05:00,2018,1,3,104.37984466552734,112.35961235105356,113.06245549429966,101.42278973726532,10635653,53140009,5546745884.944725,5.546745884944725,,,,,,,,27.2513,23.68341,3.9636836,6.394289,,,,3.930129909671254,,,Industrials,Electrical Equipment & Parts,United States,17800,2018-Q1
HUBB,HUBBELL INC,2018-04-01 00:00:00-04:00,2018,2,4,89.0202865600586,104.30270388183031,105.26267197052644,87.21176684244294,10483217,53140009,4730538828.984093,4.730538828984093,,,,,,,,27.2513,23.68341,3.9636836,6.394289,,,,-5.94148462146461,,,Industrials,Electrical Equipment & Parts,United States,17800,2018-Q2
HUBB,HUBBELL INC,2018-05-01 00:00:00-04:00,2018,2,5,92.30305480957031,89.12314728729258,95.73152737775665,86.1832317985011,12766595,53140009,4904985163.30806,4.9049851633080594,,,,,,,,27.2513,23.68341,3.9636836,6.394289,,,,-4.81202446712623,,,Industrials,Electrical Equipment & Parts,United States,17800,2018-Q2
HUBB,HUBBELL INC,2018-06-01 00:00:00-04:00,2018,2,6,91.27896881103516,93.88595652963059,98.383434811688,90.3466748916004,11147695,53140009,4850565224.1291275,4.850565224129127,,,,,,,,27.2513,23.68341,3.9636836,6.394289,,,,-4.16607558710721,,,Industrials,Electrical Equipment & Parts,United States,17800,2018-Q2
HUBB,HUBBELL INC,2018-07-01 00:00:00-04:00,2018,3,7,106.39427947998047,90.32075594133663,107.05897106652046,89.9236665202095,11712993,53140009,5653792969.114677,5.6537929691146775,,,,,,,,27.2513,23.68341,3.9636836,6.394289,,,,6.418766708403978,,,Industrials,Electrical Equipment & Parts,United States,17800,2018-Q3
HUBB,HUBBELL INC,2018-08-01 00:00:00-04:00,2018,3,8,109.07898712158203,105.95405651801123,110.4083772705266,100.76598980191918,7549343,53140009,5796458357.351753,5.796458357351753,,,,,,,,27.2513,23.68341,3.9636836,6.394289,,,,14.908023436181406,,,Industrials,Electrical Equipment & Parts,United States,17800,2018-Q3
HUBB,HUBBELL INC,2018-09-01 00:00:00-04:00,2018,3,9,116.00729370117188,109.74530881999448,119.56818923172165,108.26015230922452,7084563,53140009,6164628631.345917,6.164628631345916,,,,,,,,27.2513,23.68341,3.9636836,6.394289,,,,18.050306501454962,,,Industrials,Electrical Equipment & Parts,United States,17800,2018-Q3
HUBB,HUBBELL INC,2018-10-01 00:00:00-04:00,2018,4,10,88.3277587890625,116.92789531853478,117.09291488901131,84.26311817458262,17909800,53140009,4693737897.00061,4.69373789700061,,,,,,,,27.2513,23.68341,3.9636836,6.394289,,,,-17.117631536332222,,,Industrials,Electrical Equipment & Parts,United States,17800,2018-Q4
HUBB,HUBBELL INC,2018-11-01 00:00:00-04:00,2018,4,11,95.67539978027344,88.84888674769226,97.12581496849592,88.5883301848923,9394072,53140009,5084191605.4023285,5.084191605402329,,,,,,,,27.2513,23.68341,3.9636836,6.394289,,,,-10.201531527615693,,,Industrials,Electrical Equipment & Parts,United States,17800,2018-Q4
HUBB,HUBBELL INC,2018-12-01 00:00:00-05:00,2018,4,12,86.95877075195312,97.92710168592863,99.0037970799283,80.4285475376303,8124197,53140009,4620989860.387726,4.620989860387726,,,,,,,,27.2513,23.68341,3.9636836,6.394289,,,,-24.605141201395252,,,Industrials,Electrical Equipment & Parts,United States,17800,2018-Q4
HUBB,HUBBELL INC,2019-01-01 00:00:00-05:00,2019,1,1,95.70366668701172,86.95876464816789,96.806621889519,84.10507926942041,8851368,53140009,5085693709.080803,5.085693709080803,,,,,,,,27.2513,23.68341,3.9636836,6.394289,,,,-17.395481906130616,,,Industrials,Electrical Equipment & Parts,United States,17800,2019-Q1
HUBB,HUBBELL INC,2019-02-01 00:00:00-05:00,2019,1,2,103.33687591552734,96.04508139338398,106.68514550298745,94.76704886201009,7054659,53140009,5491322516.183006,5.491322516183006,,,,,,,,27.2513,23.68341,3.9636836,6.394289,,,,-7.472098658019433,,,Industrials,Electrical Equipment & Parts,United States,17800,2019-Q1
HUBB,HUBBELL INC,2019-03-01 00:00:00-05:00,2019,1,3,104.00959014892578,105.02340935933248,109.35200279885544,100.67718714721659,7643626,53140009,5527070556.600227,5.527070556600227,,,,,,,,27.2513,23.68341,3.9636836,6.394289,,,,-0.354718401610965,,,Industrials,Electrical Equipment & Parts,United States,17800,2019-Q1
HUBB,HUBBELL INC,2019-04-01 00:00:00-04:00,2019,2,4,112.49044036865234,105.30550877292632,113.75331549968143,104.0801040290115,6505419,53140009,5977743013.604149,5.977743013604149,,,,,,,,27.2513,23.68341,3.9636836,6.394289,,,,26.364949738461398,,,Industrials,Electrical Equipment & Parts,United States,17800,2019-Q2
HUBB,HUBBELL INC,2019-05-01 00:00:00-04:00,2019,2,5,100.97692108154297,112.73728206174484,115.10434644801961,100.13500433842842,6920546,53140009,5365914495.065483,5.365914495065483,,,,,,,,27.2513,23.68341,3.9636836,6.394289,,,,9.397160570544116,,,Industrials,Electrical Equipment & Parts,United States,17800,2019-Q2
HUBB,HUBBELL INC,2019-06-01 00:00:00-04:00,2019,2,6,115.7879867553711,101.60751518340383,115.7879867553711,101.60751518340383,5834032,53140009,6152974658.272301,6.152974658272301,,,,,,,,27.2513,23.68341,3.9636836,6.394289,,,,26.85067355994597,,,Industrials,Electrical Equipment & Parts,United States,17800,2019-Q2
HUBB,HUBBELL INC,2019-07-01 00:00:00-04:00,2019,3,7,115.32625579833984,117.33300583529412,118.87803440821581,109.92755068545316,5881944,53140009,6128438271.0600815,6.128438271060081,,,,,,,,27.2513,23.68341,3.9636836,6.394289,,,,8.39516594502625,,,Industrials,Electrical Equipment & Parts,United States,17800,2019-Q3
HUBB,HUBBELL INC,2019-08-01 00:00:00-04:00,2019,3,8,116.44505310058594,115.31735967651262,117.39516031628341,108.57786348379958,5097151,53140009,6187891169.770615,6.187891169770615,,,,,,,,27.2513,23.68341,3.9636836,6.394289,,,,6.752965143317202,,,Industrials,Electrical Equipment & Parts,United States,17800,2019-Q3
HUBB,HUBBELL INC,2019-09-01 00:00:00-04:00,2019,3,9,117.45310974121094,117.22071122704077,123.32577204787692,113.31454352532806,5983168,53140009,6241459308.725937,6.241459308725937,,,,,,,,27.2513,23.68341,3.9636836,6.394289,,,,1.2463147737618918,,,Industrials,Electrical Equipment & Parts,United States,17800,2019-Q3
HUBB,HUBBELL INC,2019-10-01 00:00:00-04:00,2019,4,10,126.65982818603516,118.31118769984283,129.0367873599212,110.67763038181147,6609132,53140009,6730704409.744362,6.730704409744362,,,,,,,,27.2513,23.68341,3.9636836,6.394289,,,,43.39753427743405,,,Industrials,Electrical Equipment & Parts,United States,17800,2019-Q4
HUBB,HUBBELL INC,2019-11-01 00:00:00-04:00,2019,4,11,131.41517639160156,127.65202335912463,133.46210784913995,126.60620978762687,4216816,53140009,6983403656.186295,6.983403656186295,,,,,,,,27.2513,23.68341,3.9636836,6.394289,,,,37.35524146583919,,,Industrials,Electrical Equipment & Parts,United States,17800,2019-Q4
HUBB,HUBBELL INC,2019-12-01 00:00:00-05:00,2019,4,12,132.94309997558594,132.65529884185156,133.99534713996465,128.94994844525849,4364341,53140009,7064597529.1905365,7.064597529190537,,,,,,,,27.2513,23.68341,3.9636836,6.394289,,,,52.880610921699336,,,Industrials,Electrical Equipment & Parts,United States,17800,2019-Q4
HUBB,HUBBELL INC,2020-01-01 00:00:00-05:00,2020,1,1,128.8149871826172,132.94304905953783,134.7957235482759,128.60813877391266,5201388,53140009,6845229578.219162,6.845229578219162,,,,,,,,27.2513,23.68341,3.9636836,6.394289,,,,34.597755385791416,,,Industrials,Electrical Equipment & Parts,United States,17800,2020-Q1
HUBB,HUBBELL INC,2020-02-01 00:00:00-05:00,2020,1,2,119.83042907714844,129.65141385768064,139.40044837292461,114.35333692468109,7878616,53140009,6367790079.63353,6.367790079633529,,,,,,,,27.2513,23.68341,3.9636836,6.394289,,,,15.960955869329485,,,Industrials,Electrical Equipment & Parts,United States,17800,2020-Q1
HUBB,HUBBELL INC,2020-03-01 00:00:00-05:00,2020,1,3,103.88585662841797,121.23336088076186,127.32672822824486,77.52054641326414,9748839,53140009,5520495356.2068405,5.52049535620684,,,,,,,,27.2513,23.68341,3.9636836,6.394289,,,,-0.11896356896574645,,,Industrials,Electrical Equipment & Parts,United States,17800,2020-Q1
HUBB,HUBBELL INC,2020-04-01 00:00:00-04:00,2020,2,4,112.65921783447266,99.15966510311665,121.78023909749501,96.97764897064106,6168114,53140009,5986711849.656837,5.986711849656838,,,,,,,,27.2513,23.68341,3.9636836,6.394289,,,,0.1500371633955666,,,Industrials,Electrical Equipment & Parts,United States,17800,2020-Q2
HUBB,HUBBELL INC,2020-05-01 00:00:00-04:00,2020,2,5,110.83932495117188,110.02446166841169,114.04444925824865,95.37505521228276,7014230,53140009,5890002725.459198,5.890002725459198,,,,,,,,27.2513,23.68341,3.9636836,6.394289,,,,9.76698810381098,,,Industrials,Electrical Equipment & Parts,United States,17800,2020-Q2
HUBB,HUBBELL INC,2020-06-01 00:00:00-04:00,2020,2,6,114.33131408691406,111.49491926510966,127.57390471339323,106.86183628744052,8481893,53140009,6075567059.56044,6.07556705956044,,,,,,,,27.2513,23.68341,3.9636836,6.394289,,,,-1.2580516418638443,,,Industrials,Electrical Equipment & Parts,United States,17800,2020-Q2
HUBB,HUBBELL INC,2020-07-01 00:00:00-04:00,2020,3,7,123.09585571289062,115.1247694993675,123.54730304913434,111.47667423080173,5681795,53140009,6541314880.445709,6.541314880445709,,,,,,,,27.2513,23.68341,3.9636836,6.394289,,,,6.737060750621038,,,Industrials,Electrical Equipment & Parts,United States,17800,2020-Q3
HUBB,HUBBELL INC,2020-08-01 00:00:00-04:00,2020,3,8,132.17044067382812,124.06255251645935,135.90517792706234,123.515332863474,4219177,53140009,7023538406.941193,7.023538406941193,,,,,,,,27.2513,23.68341,3.9636836,6.394289,,,,13.504556144311696,,,Industrials,Electrical Equipment & Parts,United States,17800,2020-Q3
HUBB,HUBBELL INC,2020-09-01 00:00:00-04:00,2020,3,9,125.57649230957031,132.65187688075937,137.64410461409304,120.29978337867354,6825354,53140009,6673135931.518997,6.673135931518997,,,,,,,,27.2513,23.68341,3.9636836,6.394289,,,,6.916277130727266,,,Industrials,Electrical Equipment & Parts,United States,17800,2020-Q3
HUBB,HUBBELL INC,2020-10-01 00:00:00-04:00,2020,4,10,133.53285217285156,126.85208083402289,141.51675353908337,122.52058987770772,6700695,53140009,7095936966.261002,7.095936966261002,,,,,,,,27.2513,23.68341,3.9636836,6.394289,,,,5.4263645271344085,,,Industrials,Electrical Equipment & Parts,United States,17800,2020-Q4
HUBB,HUBBELL INC,2020-11-01 00:00:00-04:00,2020,4,11,148.28929138183594,135.29481798245737,152.67584158823485,134.1293635906748,6345470,53140009,7880094278.634384,7.880094278634384,,,,,,,,27.2513,23.68341,3.9636836,6.394289,,,,12.840309204434286,,,Industrials,Electrical Equipment & Parts,United States,17800,2020-Q4
HUBB,HUBBELL INC,2020-12-01 00:00:00-05:00,2020,4,12,144.75706481933594,150.2965917413824,151.9676941965726,140.9532608409426,6129703,53140009,7692391727.313095,7.692391727313095,,,,,,,,27.2513,23.68341,3.9636836,6.394289,,,,8.886482146060647,,,Industrials,Electrical Equipment & Parts,United States,17800,2020-Q4
HUBB,HUBBELL INC,2021-01-01 00:00:00-05:00,2021,1,1,143.6583709716797,144.75703172634724,158.95668699841346,141.87648289348556,5749468,53140009,7634007126.360397,7.634007126360397,,,,,,,,27.2513,23.68341,3.9636836,6.394289,,,,11.52302547530395,,,Industrials,Electrical Equipment & Parts,United States,17800,2021-Q1
HUBB,HUBBELL INC,2021-02-01 00:00:00-05:00,2021,1,2,163.8868865966797,145.73571545333928,166.45353275058957,137.6295427938263,7375561,53140009,8708950628.729538,8.708950628729538,,,,,,,,27.2513,23.68341,3.9636836,6.394289,,,,36.76566783480939,,,Industrials,Electrical Equipment & Parts,United States,17800,2021-Q1
HUBB,HUBBELL INC,2021-03-01 00:00:00-05:00,2021,1,3,173.5023193359375,167.17087064917442,177.84707953611073,160.7094371246766,6724823,53140009,9219914811.032593,9.219914811032593,,,,,,,,27.2513,23.68341,3.9636836,6.394289,,,,67.01245479115197,,,Industrials,Electrical Equipment & Parts,United States,17800,2021-Q1
HUBB,HUBBELL INC,2021-04-01 00:00:00-04:00,2021,2,4,178.2555389404297,173.63228052821245,182.39605726344868,169.97451646013172,4943559,53140009,9472500943.594284,9.472500943594284,,,,,,,,27.2513,23.68341,3.9636836,6.394289,,,,58.2254362908289,,,Industrials,Electrical Equipment & Parts,United States,17800,2021-Q2
HUBB,HUBBELL INC,2021-05-01 00:00:00-04:00,2021,2,5,176.983642578125,179.58306946081765,186.65721180547294,171.57850735233473,3451815,53140009,9404912359.454346,9.404912359454345,,,,,,,,27.2513,23.68341,3.9636836,6.394289,,,,59.67585751365026,,,Industrials,Electrical Equipment & Parts,United States,17800,2021-Q2
HUBB,HUBBELL INC,2021-06-01 00:00:00-04:00,2021,2,6,174.3582305908203,179.33216393766045,179.7894348242075,162.6372982772645,5851325,53140009,9265397942.820267,9.265397942820266,,,,,,,,27.2513,23.68341,3.9636836,6.394289,,,,52.50260349345246,,,Industrials,Electrical Equipment & Parts,United States,17800,2021-Q2
HUBB,HUBBELL INC,2021-07-01 00:00:00-04:00,2021,3,7,187.06838989257812,175.52475102953332,187.3576782404506,169.44965300590803,4805073,53140009,9940815922.50711,9.940815922507111,,,,,,,,27.2513,23.68341,3.9636836,6.394289,,,,51.96968964487103,,,Industrials,Electrical Equipment & Parts,United States,17800,2021-Q3
HUBB,HUBBELL INC,2021-08-01 00:00:00-04:00,2021,3,8,192.34092712402344,187.92691634903224,195.64443296387256,183.7368633831901,4479812,53140009,10220998598.43895,10.22099859843895,,,,,,,,27.2513,23.68341,3.9636836,6.394289,,,,45.52491929620239,,,Industrials,Electrical Equipment & Parts,United States,17800,2021-Q3
HUBB,HUBBELL INC,2021-09-01 00:00:00-04:00,2021,3,9,169.39781188964844,193.3255969507125,193.65844413112293,167.8976461128895,5910198,53140009,9001801248.396225,9.001801248396225,,,,,,,,27.2513,23.68341,3.9636836,6.394289,,,,34.896116919757645,,,Industrials,Electrical Equipment & Parts,United States,17800,2021-Q3
HUBB,HUBBELL INC,2021-10-01 00:00:00-04:00,2021,4,10,186.9310760498047,170.0353744937537,187.63897532564124,166.96001854114098,5023087,53140009,9933519063.666306,9.933519063666305,,,,,,,,27.2513,23.68341,3.9636836,6.394289,,,,39.98882897208831,,,Industrials,Electrical Equipment & Parts,United States,17800,2021-Q4
HUBB,HUBBELL INC,2021-11-01 00:00:00-04:00,2021,4,11,183.4900665283203,187.69993581549815,199.27939762980952,182.10240930429086,3999141,53140009,9750663786.72554,9.750663786725541,,,,,,,,27.2513,23.68341,3.9636836,6.394289,,,,23.737907719745266,,,Industrials,Electrical Equipment & Parts,United States,17800,2021-Q4
HUBB,HUBBELL INC,2021-12-01 00:00:00-05:00,2021,4,12,196.28709411621094,187.00381262860557,199.28412445584334,184.69006045314927,4119760,53140009,10430697947.919296,10.430697947919295,,,,,,,,27.2513,23.68341,3.9636836,6.394289,,,,35.59759198018215,,,Industrials,Electrical Equipment & Parts,United States,17800,2021-Q4
HUBB,HUBBELL INC,2022-01-01 00:00:00-05:00,2022,1,1,176.51417541503906,197.4651722615401,199.6611163411355,169.01216581297078,7805515,53140009,9379964870.182755,9.379964870182755,,,,,,,,27.2513,23.68341,3.9636836,6.394289,,,,22.870790070309543,,,Industrials,Electrical Equipment & Parts,United States,17800,2022-Q1
HUBB,HUBBELL INC,2022-02-01 00:00:00-05:00,2022,1,2,167.99432373046875,177.72998528302156,182.2349651560114,160.9352583304037,6370356,53140009,8927219874.986023,8.927219874986022,,,,,,,,27.2513,23.68341,3.9636836,6.394289,,,,2.506263447360091,,,Industrials,Electrical Equipment & Parts,United States,17800,2022-Q1
HUBB,HUBBELL INC,2022-03-01 00:00:00-05:00,2022,1,3,174.23536682128906,168.91643287403258,182.22325093221892,165.5032078132389,7900474,53140009,9258868961.001602,9.258868961001602,,,,,,,,27.2513,23.68341,3.9636836,6.394289,,,,0.4225001072937884,,,Industrials,Electrical Equipment & Parts,United States,17800,2022-Q1
HUBB,HUBBELL INC,2022-04-01 00:00:00-04:00,2022,2,4,185.22406005859375,175.60068232925747,193.27357522265282,170.3504808556296,7092692,53140009,9842808218.530212,9.842808218530212,,,,,,,,27.2513,23.68341,3.9636836,6.394289,,,,3.909287284751839,,,Industrials,Electrical Equipment & Parts,United States,17800,2022-Q2
HUBB,HUBBELL INC,2022-05-01 00:00:00-04:00,2022,2,5,180.0093994140625,185.21456421142577,190.21112775414207,170.83162416375336,5693780,53140009,9565701104.947876,9.565701104947877,,,,,,,,27.2513,23.68341,3.9636836,6.394289,,,,1.709625133634507,,,Industrials,Electrical Equipment & Parts,United States,17800,2022-Q2
HUBB,HUBBELL INC,2022-06-01 00:00:00-04:00,2022,2,6,170.272216796875,182.37186303218067,194.6908052803676,162.29160525823912,6455867,53140009,9048267133.035889,9.048267133035889,,,,,,,,27.2513,23.68341,3.9636836,6.394289,,,,-2.3434590842655867,,,Industrials,Electrical Equipment & Parts,United States,17800,2022-Q2
HUBB,HUBBELL INC,2022-07-01 00:00:00-04:00,2022,3,7,208.8308563232422,169.70009218862182,210.2133971800619,168.97545379684243,5339265,53140009,11097273584.494797,11.097273584494797,,,,,,,,27.2513,23.68341,3.9636836,6.394289,,,,11.633427990245115,,,Industrials,Electrical Equipment & Parts,United States,17800,2022-Q3
HUBB,HUBBELL INC,2022-08-01 00:00:00-04:00,2022,3,8,196.70262145996094,207.41971070659187,215.1047597939752,195.98751257041837,6481106,53140009,10452779074.705917,10.452779074705917,,,,,,,,27.2513,23.68341,3.9636836,6.394289,,,,2.2676891502789953,,,Industrials,Electrical Equipment & Parts,United States,17800,2022-Q3
HUBB,HUBBELL INC,2022-09-01 00:00:00-04:00,2022,3,9,213.68734741210938,196.4102953359142,222.76187405265415,195.49037924540258,10883715,53140009,11355347564.665619,11.35534756466562,,,,,,,,27.2513,23.68341,3.9636836,6.394289,,,,26.145281942196895,,,Industrials,Electrical Equipment & Parts,United States,17800,2022-Q3
HUBB,HUBBELL INC,2022-10-01 00:00:00-04:00,2022,4,10,227.5626220703125,214.3964259223972,232.59817332363616,201.19667327454474,13828862,53140009,12092679784.880005,12.092679784880005,,,,,,,,27.2513,23.68341,3.9636836,6.394289,,,,21.736110912709993,,,Industrials,Electrical Equipment & Parts,United States,17800,2022-Q4
HUBB,HUBBELL INC,2022-11-01 00:00:00-04:00,2022,4,11,243.4502410888672,228.50171881606462,250.6609849914718,222.25399533623983,12942835,53140009,12936948002.514572,12.936948002514573,,,,,,,,27.2513,23.68341,3.9636836,6.394289,,,,32.677613396195746,,,Industrials,Electrical Equipment & Parts,United States,17800,2022-Q4
HUBB,HUBBELL INC,2022-12-01 00:00:00-05:00,2022,4,12,225.8935546875,241.94906177012246,253.44201486276557,221.61980098564965,8779465,53140009,12003985529.135742,12.003985529135742,,,,,,,,27.2513,23.68341,3.9636836,6.394289,,,,15.083243605288011,,,Industrials,Electrical Equipment & Parts,United States,17800,2022-Q4
HUBB,HUBBELL INC,2023-01-01 00:00:00-05:00,2023,1,1,220.33958435058594,228.63684576703648,230.31170523581454,212.32145883518268,9654012,53140009,11708847495.446396,11.708847495446395,,,,,,,,27.2513,23.68341,3.9636836,6.394289,,,,24.828265963625796,,,Industrials,Electrical Equipment & Parts,United States,17800,2023-Q1
HUBB,HUBBELL INC,2023-02-01 00:00:00-05:00,2023,1,2,242.12229919433594,223.0347502159586,246.82439879327086,219.97380224297146,9692895,53140009,12866381158.287704,12.866381158287705,,,,,,,,27.2513,23.68341,3.9636836,6.394289,,,,44.1252857940597,,,Industrials,Electrical Equipment & Parts,United States,17800,2023-Q1
HUBB,HUBBELL INC,2023-03-01 00:00:00-05:00,2023,1,3,235.2399444580078,242.85858705207235,248.96897374740487,218.03516691948946,7804087,53140009,12500652765.658035,12.500652765658035,,,,,,,,27.2513,23.68341,3.9636836,6.394289,,,,35.012740954762855,,,Industrials,Electrical Equipment & Parts,United States,17800,2023-Q1
HUBB,HUBBELL INC,2023-04-01 00:00:00-04:00,2023,2,4,260.3872985839844,235.50102829722726,260.4356283998886,212.48075213887307,8454594,53140009,13836983390.238617,13.836983390238617,,,,,,,,27.2513,23.68341,3.9636836,6.394289,,,,40.579630152591136,,,Industrials,Electrical Equipment & Parts,United States,17800,2023-Q2
HUBB,HUBBELL INC,2023-05-01 00:00:00-04:00,2023,2,5,273.0914306640625,261.0253829972285,282.2231683997895,255.5627571486095,8754828,53140009,14512081083.311157,14.512081083311157,,,,,,,,27.2513,23.68341,3.9636836,6.394289,,,,51.70953936460294,,,Industrials,Electrical Equipment & Parts,United States,17800,2023-Q2
HUBB,HUBBELL INC,2023-06-01 00:00:00-04:00,2023,2,6,321.80181884765625,274.59336343299015,322.9665133635977,273.2248577435531,8527505,53140009,17100551549.780823,17.10055154978082,,,,,,,,27.2513,23.68341,3.9636836,6.394289,,,,88.99255844630683,,,Industrials,Electrical Equipment & Parts,United States,17800,2023-Q2
HUBB,HUBBELL INC,2023-07-01 00:00:00-04:00,2023,3,7,302.81744384765625,320.2585651155812,330.0516000497871,296.33405183803717,8886570,53140009,16091721691.421448,16.091721691421448,,,,,,,,27.2513,23.68341,3.9636836,6.394289,,,,45.006082520169066,,,Industrials,Electrical Equipment & Parts,United States,17800,2023-Q3
HUBB,HUBBELL INC,2023-08-01 00:00:00-04:00,2023,3,8,316.4539489746094,302.0410258269772,322.04443480410663,290.9765176861956,9331786,53140009,16816365696.596283,16.816365696596282,,,,,,,,27.2513,23.68341,3.9636836,6.394289,,,,60.87937548866067,,,Industrials,Electrical Equipment & Parts,United States,17800,2023-Q3
HUBB,HUBBELL INC,2023-09-01 00:00:00-04:00,2023,3,9,305.2302551269531,318.49477934721045,323.0136933524644,294.8679362866189,8284402,53140009,16219938504.518585,16.219938504518584,,,,,,,,27.2513,23.68341,3.9636836,6.394289,,,,42.83964812305783,,,Industrials,Electrical Equipment & Parts,United States,17800,2023-Q3
HUBB,HUBBELL INC,2023-10-01 00:00:00-04:00,2023,4,10,263.05059814453125,305.15230848556286,309.45696287171194,241.88772417758227,24397188,53140009,13978511152.855774,13.978511152855774,,,,,,,,27.2513,23.68341,3.9636836,6.394289,,,,15.594817703960917,,,Industrials,Electrical Equipment & Parts,United States,17800,2023-Q4
HUBB,HUBBELL INC,2023-11-01 00:00:00-04:00,2023,4,11,292.17022705078125,267.56948442235586,295.16010950732976,265.2515958657116,11191509,53140009,15525928495.01056,15.52592849501056,,,,,,,,27.2513,23.68341,3.9636836,6.394289,,,,20.012297274386228,,,Industrials,Electrical Equipment & Parts,United States,17800,2023-Q4
HUBB,HUBBELL INC,2023-12-01 00:00:00-05:00,2023,4,12,321.6759033203125,292.6211240306321,322.722313134685,289.3743348085231,7184781,53140009,17093860397.524536,17.093860397524537,,,,,,,,27.2513,23.68341,3.9636836,6.394289,,,,42.40154118842272,,,Industrials,Electrical Equipment & Parts,United States,17800,2023-Q4
HUBB,HUBBELL INC,2024-01-01 00:00:00-05:00,2024,1,1,328.1694030761719,321.6758261889817,339.62114435806535,308.41977303159945,8288539,53140009,17438925032.9924,17.4389250329924,,,,,,,,27.2513,23.68341,3.9636836,6.394289,,,,48.93801494787979,,88.0,Industrials,Electrical Equipment & Parts,United States,17800,2024-Q1
HUBB,HUBBELL INC,2024-02-01 00:00:00-05:00,2024,1,2,372.2748107910156,328.8833107638915,374.1426618586471,326.84919570275065,8523113,53140009,19782686795.907867,19.782686795907868,,,,,,,,27.2513,23.68341,3.9636836,6.394289,,,,53.75486356678558,,88.0,Industrials,Electrical Equipment & Parts,United States,17800,2024-Q1
HUBB,HUBBELL INC,2024-03-01 00:00:00-05:00,2024,1,3,407.24859619140625,373.44614565658634,411.7572285288744,370.22779861968803,8581046,53140009,21641194066.848694,21.641194066848694,,,,,,,,27.2513,23.68341,3.9636836,6.394289,,,,73.12051196479659,,88.0,Industrials,Electrical Equipment & Parts,United States,17800,2024-Q1
HUBB,HUBBELL INC,2024-04-01 00:00:00-04:00,2024,2,4,363.5555419921875,407.80782972020415,421.53485830957385,361.6225697295451,9606810,53140009,19319344773.46472,19.31934477346472,1452500000.0,1452.5,513800000.0,217500000.0,306300000.0,354700000.0,3.325188429167766,27.2513,23.68341,3.9636836,6.394289,,,,39.6210736734256,,,Industrials,Electrical Equipment & Parts,United States,17800,2024-Q2
HUBB,HUBBELL INC,2024-05-01 00:00:00-04:00,2024,2,5,381.5802917480469,360.8081978505791,407.9452283364906,359.0126083938239,9609771,53140009,20277180137.713837,20.277180137713838,1452500000.0,1452.5,513800000.0,217500000.0,306300000.0,354700000.0,3.490048216473982,27.2513,23.68341,3.9636836,6.394289,,0.0,,39.726204817257546,,,Industrials,Electrical Equipment & Parts,United States,17800,2024-Q2
HUBB,HUBBELL INC,2024-06-01 00:00:00-04:00,2024,2,6,359.73370361328125,385.69891537416237,386.5158824115279,357.8635525820887,11699099,53140009,19116252247.6131,19.116252247613097,1452500000.0,1452.5,513800000.0,217500000.0,306300000.0,354700000.0,3.2902327448559547,27.2513,23.68341,3.9636836,6.394289,,0.0,,11.78734318577057,,,Industrials,Electrical Equipment & Parts,United States,17800,2024-Q2
HUBB,HUBBELL INC,2024-07-01 00:00:00-04:00,2024,3,7,389.4293212890625,366.1117888376231,397.2444857260404,341.67219584477243,11854648,53140009,20694277638.164673,20.694277638164674,1442600000.0,1442.6,497100000.0,219400000.0,303800000.0,347500000.0,3.586281304270878,27.2513,23.68341,3.9636836,6.394289,,-0.6815834767642026,,28.602010617651086,,,Industrials,Electrical Equipment & Parts,United States,17800,2024-Q3
HUBB,HUBBELL INC,2024-08-01 00:00:00-04:00,2024,3,8,393.6322021484375,389.42931873458576,396.3389647998741,340.6879162757653,8860611,53140009,20917618764.857788,20.91761876485779,1442600000.0,1442.6,497100000.0,219400000.0,303800000.0,347500000.0,3.6249859220951386,27.2513,23.68341,3.9636836,6.394289,,0.0,-0.6815834767642026,24.388462657490972,,,Industrials,Electrical Equipment & Parts,United States,17800,2024-Q3
HUBB,HUBBELL INC,2024-09-01 00:00:00-04:00,2024,3,9,422.919677734375,394.85010105850495,427.5428113814775,360.175303085259,8010530,53140009,22473955481.081787,22.473955481081788,1442600000.0,1442.6,497100000.0,219400000.0,303800000.0,347500000.0,3.894696291605744,27.2513,23.68341,3.9636836,6.394289,,0.0,-0.6815834767642026,38.55758747063649,,,Industrials,Electrical Equipment & Parts,United States,17800,2024-Q3
HUBB,HUBBELL INC,2024-10-01 00:00:00-04:00,2024,4,10,421.6164245605469,423.5910700222979,455.916006589339,414.7841380053809,8341279,53140009,22404700595.695282,22.40470059569528,1334300000.0,1334.3,450600000.0,197000000.0,258100000.0,311700000.0,4.1978379291942,27.2513,23.68341,3.9636836,6.394289,,-7.507278524885619,-8.13769363166954,60.27959165821504,,,Industrials,Electrical Equipment & Parts,United States,17800,2024-Q4
HUBB,HUBBELL INC,2024-11-01 00:00:00-04:00,2024,4,11,454.2573547363281,419.3851053414851,475.2429061932725,414.172042033034,8947665,53140009,24139239919.00467,24.13923991900467,1334300000.0,1334.3,450600000.0,197000000.0,258100000.0,311700000.0,4.522828434198582,27.2513,23.68341,3.9636836,6.394289,,0.0,-7.507278524885619,55.47694894229418,,,Industrials,Electrical Equipment & Parts,United States,17800,2024-Q4
HUBB,HUBBELL INC,2024-12-01 00:00:00-05:00,2024,4,12,414.7728271484375,459.09286937097426,466.89542323688755,408.6337536409837,7314225,53140009,22041031767.623413,22.041031767623412,1334300000.0,1334.3,450600000.0,197000000.0,258100000.0,311700000.0,4.129699424346739,27.2513,23.68341,3.9636836,6.394289,,0.0,-7.507278524885619,28.94121781183674,,,Industrials,Electrical Equipment & Parts,United States,17800,2024-Q4
HUBB,HUBBELL INC,2025-01-01 00:00:00-05:00,2025,1,1,418.8523254394531,414.77282496477335,472.71267652961643,401.18767500695634,10954978,53140009,22257816343.523468,22.25781634352347,1365200000.0,1365.2,451200000.0,169700000.0,239000000.0,280400000.0,4.0759259345743235,27.2513,23.68341,3.9636836,6.394289,,2.3158210297534287,-5.365312629973662,27.632960755403737,1.0,,Industrials,Electrical Equipment & Parts,United States,17800,2025-Q1
HUBB,HUBBELL INC,2025-02-01 00:00:00-05:00,2025,1,2,367.9377136230469,403.05908739513575,411.5547732370473,361.04613051248117,13597763,53140009,19552213413.368134,19.552213413368133,1365200000.0,1365.2,451200000.0,169700000.0,239000000.0,280400000.0,3.5804668571213254,27.2513,23.68341,3.9636836,6.394289,,0.0,2.3158210297534287,-1.1650256859316421,1.0,,Industrials,Electrical Equipment & Parts,United States,17800,2025-Q1
HUBB,HUBBELL INC,2025-03-01 00:00:00-05:00,2025,1,3,328.8330078125,369.8737713381888,371.8363810818647,314.35445086574424,15044806,53140009,17474188994.65332,17.47418899465332,1365200000.0,1365.2,451200000.0,169700000.0,239000000.0,280400000.0,3.199932060257347,27.2513,23.68341,3.9636836,6.394289,,0.0,2.3158210297534287,-19.254968368767823,1.0,,Industrials,Electrical Equipment & Parts,United States,17800,2025-Q1
HUBB,HUBBELL INC,2025-04-01 00:00:00-04:00,2025,2,4,360.9004821777344,327.0343996991178,363.126443369902,297.54563756218397,14954774,53140009,19178254871.029144,19.178254871029143,1484300000.0,1484.3,552100000.0,244200000.0,336300000.0,378200000.0,3.230185082366965,27.2513,23.68341,3.9636836,6.394289,,8.723996484031638,11.241849658997216,-0.7303037659401657,,,Industrials,Electrical Equipment & Parts,United States,17800,2025-Q2
HUBB,HUBBELL INC,2025-05-01 00:00:00-04:00,2025,2,5,387.134765625,363.6332122605543,398.75139510108835,338.8895045922157,15302581,53140009,20572344929.52539,20.57234492952539,1484300000.0,1484.3,552100000.0,244200000.0,336300000.0,378200000.0,3.464991061363166,27.2513,23.68341,3.9636836,6.394289,,0.0,8.723996484031638,1.4556500943766482,,,Industrials,Electrical Equipment & Parts,United States,17800,2025-Q2
HUBB,HUBBELL INC,2025-06-01 00:00:00-04:00,2025,2,6,407.2007141113281,387.19013346599496,413.0832383060307,373.5705766576455,10237223,53140009,21638649612.682404,21.638649612682404,1484300000.0,1484.3,552100000.0,244200000.0,336300000.0,378200000.0,3.6445882929128888,27.2513,23.68341,3.9636836,6.394289,,0.0,8.723996484031638,13.195041226683223,,,Industrials,Electrical Equipment & Parts,United States,17800,2025-Q2
HUBB,HUBBELL INC,2025-07-01 00:00:00-04:00,2025,3,7,436.18463134765625,404.25942319130115,446.45911090888677,400.84956686090896,13096787,53140009,23178855235.476135,23.178855235476135,,,,,,,,27.2513,23.68341,3.9636836,6.394289,,0.0,8.723996484031638,12.006109325262804,,,Industrials,Electrical Equipment & Parts,United States,17800,2025-Q3
HUBB,HUBBELL INC,2025-08-01 00:00:00-04:00,2025,3,8,429.7138366699219,427.6300287733796,449.0564179626418,414.33951205021435,9562616,53140009,22834997148.06418,22.83499714806418,,,,,,,,27.2513,23.68341,3.9636836,6.394289,,0.0,0.0,9.166332003467058,,,Industrials,Electrical Equipment & Parts,United States,17800,2025-Q3
HUBB,HUBBELL INC,2025-09-01 00:00:00-04:00,2025,3,9,430.30999755859375,430.989990234375,453.20001220703125,416.2200012207031,10464760,53140009,22866677143.05365,22.86667714305365,,,,,,,,27.2513,23.68341,3.9636836,6.394289,,0.0,0.0,1.747452344570366,,,Industrials,Electrical Equipment & Parts,United States,17800,2025-Q3
HUBB,HUBBELL INC,2025-10-01 00:00:00-04:00,2025,4,10,419.6700134277344,426.7900085449219,436.7799987792969,408.510009765625,3808222,53140009,22301268290.579926,22.301268290579927,,,,,,,,27.2513,23.68341,3.9636836,6.394289,,0.0,0.0,-0.46165448484158933,,,Industrials,Electrical Equipment & Parts,United States,17800,2025-Q4
