ticker,company_name,date,year,quarter,month,close_price,open_price,high_price,low_price,volume,shares_outstanding,market_cap,market_cap_billions,revenue,revenue_millions,gross_profit,net_income,operating_income,ebitda,ps_ratio,current_pe,forward_pe,current_ps,current_pb,peg_ratio,revenue_qoq_pct,revenue_yoy_pct,market_cap_yoy_pct,user_dau_millions,sector,industry,country,employees,year_quarter
QCOM,QUALCOMM INC,2015-01-01 00:00:00-05:00,2015,1,1,45.92221450805664,54.78168990153489,55.362519104803745,45.87074891330265,275059800,1079000000,49550069454.193115,49.550069454193114,,,,,,,,16.1784,13.717908,4.1848454,6.683798,,,,,,Technology,Semiconductors,United States,49000,2015-Q1
QCOM,QUALCOMM INC,2015-02-01 00:00:00-05:00,2015,1,2,53.311248779296875,45.94428254794989,53.35536055254345,45.77517806828758,243792600,1079000000,57522837432.86133,57.52283743286133,,,,,,,,16.1784,13.717908,4.1848454,6.683798,,,,,,Technology,Semiconductors,United States,49000,2015-Q1
QCOM,QUALCOMM INC,2015-03-01 00:00:00-05:00,2015,1,3,50.980587005615234,52.789248570862135,54.4729117974518,48.28966176707343,278695100,1079000000,55008053379.05884,55.008053379058836,,,,,,,,16.1784,13.717908,4.1848454,6.683798,,,,,,Technology,Semiconductors,United States,49000,2015-Q1
QCOM,QUALCOMM INC,2015-04-01 00:00:00-04:00,2015,2,4,50.286651611328125,50.63422201783396,53.17074011155637,48.94074439682299,265601600,1079000000,54259297088.62305,54.25929708862305,,,,,,,,16.1784,13.717908,4.1848454,6.683798,,,,,,Technology,Semiconductors,United States,49000,2015-Q2
QCOM,QUALCOMM INC,2015-05-01 00:00:00-04:00,2015,2,5,51.52903366088867,50.5159033891471,52.74182905961019,49.91690236619626,216503600,1079000000,55599827320.09888,55.599827320098875,,,,,,,,16.1784,13.717908,4.1848454,6.683798,,,,,,Technology,Semiconductors,United States,49000,2015-Q2
QCOM,QUALCOMM INC,2015-06-01 00:00:00-04:00,2015,2,6,46.315486907958984,51.403313731568275,51.802649591489335,46.18237495465197,251772700,1079000000,49974410373.687744,49.974410373687746,,,,,,,,16.1784,13.717908,4.1848454,6.683798,,,,,,Technology,Semiconductors,United States,49000,2015-Q2
QCOM,QUALCOMM INC,2015-07-01 00:00:00-04:00,2015,3,7,47.947303771972656,46.986718799939624,49.18340721356612,45.296390804316744,305330200,1079000000,51735140769.958496,51.7351407699585,,,,,,,,16.1784,13.717908,4.1848454,6.683798,,,,,,Technology,Semiconductors,United States,49000,2015-Q3
QCOM,QUALCOMM INC,2015-08-01 00:00:00-04:00,2015,3,8,42.131683349609375,47.9175268914794,48.26750819165188,39.16057197030033,304479200,1079000000,45460086334.228516,45.460086334228514,,,,,,,,16.1784,13.717908,4.1848454,6.683798,,,,,,Technology,Semiconductors,United States,49000,2015-Q3
QCOM,QUALCOMM INC,2015-09-01 00:00:00-04:00,2015,3,9,40.346561431884766,41.48794971344332,42.62182725970854,39.175135938165305,244619500,1079000000,43533939785.00366,43.53393978500366,,,,,,,,16.1784,13.717908,4.1848454,6.683798,,,,,,Technology,Semiconductors,United States,49000,2015-Q3
QCOM,QUALCOMM INC,2015-10-01 00:00:00-04:00,2015,4,10,44.6192512512207,40.24893760821039,45.94836766948758,39.798390932139476,206115300,1079000000,48144172100.06714,48.14417210006714,,,,,,,,16.1784,13.717908,4.1848454,6.683798,,,,,,Technology,Semiconductors,United States,49000,2015-Q4
QCOM,QUALCOMM INC,2015-11-01 00:00:00-04:00,2015,4,11,36.63703536987305,44.829493717783016,45.94084429287702,35.683375791727094,338781400,1079000000,39531361164.09302,39.53136116409302,,,,,,,,16.1784,13.717908,4.1848454,6.683798,,,,,,Technology,Semiconductors,United States,49000,2015-Q4
QCOM,QUALCOMM INC,2015-12-01 00:00:00-05:00,2015,4,12,37.90873336791992,36.96840747421187,40.52495681340514,34.829927519434136,350968200,1079000000,40903523303.985596,40.903523303985594,,,,,,,,16.1784,13.717908,4.1848454,6.683798,,,,,,Technology,Semiconductors,United States,49000,2015-Q4
QCOM,QUALCOMM INC,2016-01-01 00:00:00-05:00,2016,1,1,34.38252258300781,37.484077989659745,38.3713185792155,32.96445288099308,292170300,1079000000,37098741867.06543,37.09874186706543,,,,,,,,16.1784,13.717908,4.1848454,6.683798,,,,-25.128779281809877,,Technology,Semiconductors,United States,49000,2016-Q1
QCOM,QUALCOMM INC,2016-02-01 00:00:00-05:00,2016,1,2,38.515403747558594,33.90477722486097,39.432978121108036,32.031712731202845,255057600,1079000000,41558120643.61572,41.55812064361572,,,,,,,,16.1784,13.717908,4.1848454,6.683798,,,,-27.75370183690794,,Technology,Semiconductors,United States,49000,2016-Q1
QCOM,QUALCOMM INC,2016-03-01 00:00:00-05:00,2016,1,3,39.14480972290039,39.098884946932046,40.966567448038894,38.019605992676986,259198400,1079000000,42237249691.00952,42.237249691009524,,,,,,,,16.1784,13.717908,4.1848454,6.683798,,,,-23.216243628993904,,Technology,Semiconductors,United States,49000,2016-Q1
QCOM,QUALCOMM INC,2016-04-01 00:00:00-04:00,2016,2,4,38.67023468017578,39.09888440959312,40.782859023871296,38.06553316544527,190898700,1079000000,41725183219.90967,41.72518321990967,,,,,,,,16.1784,13.717908,4.1848454,6.683798,,,,-23.100398533068166,,Technology,Semiconductors,United States,49000,2016-Q2
QCOM,QUALCOMM INC,2016-05-01 00:00:00-04:00,2016,2,5,42.03818893432617,38.800360713690985,43.0715402302337,38.37171388274049,196181900,1079000000,45359205860.13794,45.35920586013794,,,,,,,,16.1784,13.717908,4.1848454,6.683798,,,,-18.418441123933206,,Technology,Semiconductors,United States,49000,2016-Q2
QCOM,QUALCOMM INC,2016-06-01 00:00:00-04:00,2016,2,6,41.39847183227539,42.117168708459,42.944056005062876,39.28874979017661,210703100,1079000000,44668951107.02515,44.668951107025144,,,,,,,,16.1784,13.717908,4.1848454,6.683798,,,,-10.616351902885079,,Technology,Semiconductors,United States,49000,2016-Q2
QCOM,QUALCOMM INC,2016-07-01 00:00:00-04:00,2016,3,7,48.361328125,40.95025221371816,48.546796566985535,39.53604134073176,205890700,1079000000,52181873046.875,52.181873046875,,,,,,,,16.1784,13.717908,4.1848454,6.683798,,,,0.8634987172508213,,Technology,Semiconductors,United States,49000,2016-Q3
QCOM,QUALCOMM INC,2016-08-01 00:00:00-04:00,2016,3,8,48.73998260498047,48.19902771082749,49.21911273501676,46.38296801042143,160486600,1079000000,52590441230.773926,52.590441230773926,,,,,,,,16.1784,13.717908,4.1848454,6.683798,,,,15.68486879704123,,Technology,Semiconductors,United States,49000,2016-Q3
QCOM,QUALCOMM INC,2016-09-01 00:00:00-04:00,2016,3,9,53.38556671142578,48.997817841246736,54.866335444442115,46.706525975295314,221603700,1079000000,57603026481.62842,57.60302648162842,,,,,,,,16.1784,13.717908,4.1848454,6.683798,,,,32.317513108407425,,Technology,Semiconductors,United States,49000,2016-Q3
QCOM,QUALCOMM INC,2016-10-01 00:00:00-04:00,2016,4,10,53.55706024169922,53.05827553190318,55.81718180257784,50.11232648155069,218422000,1079000000,57788068000.79346,57.78806800079346,,,,,,,,16.1784,13.717908,4.1848454,6.683798,,,,20.031284120291005,,Technology,Semiconductors,United States,49000,2016-Q4
QCOM,QUALCOMM INC,2016-11-01 00:00:00-04:00,2016,4,11,53.09724044799805,53.77527871143519,54.04805067512271,50.12791174360288,202069400,1079000000,57291922443.38989,57.29192244338989,,,,,,,,16.1784,13.717908,4.1848454,6.683798,,,,44.92777571096915,,Technology,Semiconductors,United States,49000,2016-Q4
QCOM,QUALCOMM INC,2016-12-01 00:00:00-05:00,2016,4,12,51.21117401123047,53.19050504415195,55.16983008458463,50.09584001231611,157341000,1079000000,55256856758.117676,55.25685675811768,,,,,,,,16.1784,13.717908,4.1848454,6.683798,,,,35.090701960956764,,Technology,Semiconductors,United States,49000,2016-Q4
QCOM,QUALCOMM INC,2017-01-01 00:00:00-05:00,2017,1,1,41.96645736694336,51.729569380770556,52.68781622568582,41.49519009685886,382359000,1079000000,45281807498.931885,45.28180749893188,,,,,,,,16.1784,13.717908,4.1848454,6.683798,,,,22.057528692451456,,Technology,Semiconductors,United States,49000,2017-Q1
QCOM,QUALCOMM INC,2017-02-01 00:00:00-05:00,2017,1,2,44.36207580566406,42.131404717166866,45.013998688923884,41.13388600191956,213744100,1079000000,47866679794.31152,47.86667979431152,,,,,,,,16.1784,13.717908,4.1848454,6.683798,,,,15.180087677196097,,Technology,Semiconductors,United States,49000,2017-Q1
QCOM,QUALCOMM INC,2017-03-01 00:00:00-05:00,2017,1,3,45.4586067199707,45.133562740738796,46.80635115492824,44.39626734468131,195223400,1079000000,49049836650.84839,49.04983665084839,,,,,,,,16.1784,13.717908,4.1848454,6.683798,,,,16.12933372716494,,Technology,Semiconductors,United States,49000,2017-Q1
QCOM,QUALCOMM INC,2017-04-01 00:00:00-04:00,2017,2,4,42.604583740234375,45.395205010440954,45.60925891355616,40.47197431156275,246460200,1079000000,45970345855.71289,45.97034585571289,,,,,,,,16.1784,13.717908,4.1848454,6.683798,,,,10.174101844992233,,Technology,Semiconductors,United States,49000,2017-Q2
QCOM,QUALCOMM INC,2017-05-01 00:00:00-04:00,2017,2,5,45.40312576293945,42.53322414861548,47.480236642148554,41.93863109727933,261377900,1079000000,48989972698.21167,48.98997269821167,,,,,,,,16.1784,13.717908,4.1848454,6.683798,,,,8.004476201080223,,Technology,Semiconductors,United States,49000,2017-Q2
QCOM,QUALCOMM INC,2017-06-01 00:00:00-04:00,2017,2,6,44.20902633666992,45.99435966361895,47.27531535209024,43.672624042470574,194828100,1079000000,47701539417.266846,47.701539417266844,,,,,,,,16.1784,13.717908,4.1848454,6.683798,,,,6.789029594573925,,Technology,Semiconductors,United States,49000,2017-Q2
QCOM,QUALCOMM INC,2017-07-01 00:00:00-04:00,2017,3,7,42.58381271362305,44.45721242823811,45.58605565024722,41.815239254816724,175178800,1079000000,45947933917.99927,45.947933917999265,,,,,,,,16.1784,13.717908,4.1848454,6.683798,,,,-11.946560682625906,,Technology,Semiconductors,United States,49000,2017-Q3
QCOM,QUALCOMM INC,2017-08-01 00:00:00-04:00,2017,3,8,41.84725570678711,42.67187062772524,43.31234838447519,41.054662383157336,180627700,1079000000,45153188907.62329,45.15318890762329,,,,,,,,16.1784,13.717908,4.1848454,6.683798,,,,-14.141832905555917,,Technology,Semiconductors,United States,49000,2017-Q3
QCOM,QUALCOMM INC,2017-09-01 00:00:00-04:00,2017,3,9,41.962703704833984,42.52123394874036,42.71550708324116,39.59906215976342,168220900,1079000000,45277757297.51587,45.27775729751587,,,,,,,,16.1784,13.717908,4.1848454,6.683798,,,,-21.396912518205102,,Technology,Semiconductors,United States,49000,2017-Q3
QCOM,QUALCOMM INC,2017-10-01 00:00:00-04:00,2017,4,10,41.29085159301758,42.165076191990785,44.33444491403486,40.489482131825966,176751700,1079000000,44552828868.86597,44.552828868865966,,,,,,,,16.1784,13.717908,4.1848454,6.683798,,,,-22.903065615112382,,Technology,Semiconductors,United States,49000,2017-Q4
QCOM,QUALCOMM INC,2017-11-01 00:00:00-04:00,2017,4,11,53.69997787475586,41.663220972877404,56.07981017458176,40.88613117349673,434567900,1079000000,57942276126.86157,57.94227612686157,,,,,,,,16.1784,13.717908,4.1848454,6.683798,,,,1.1351577250951816,,Technology,Semiconductors,United States,49000,2017-Q4
QCOM,QUALCOMM INC,2017-12-01 00:00:00-05:00,2017,4,12,52.25917434692383,53.22240216496657,53.97339788406475,52.079591663400265,169187300,1079000000,56387649120.33081,56.38764912033081,,,,,,,,16.1784,13.717908,4.1848454,6.683798,,,,2.0464290380523886,,Technology,Semiconductors,United States,49000,2017-Q4
QCOM,QUALCOMM INC,2018-01-01 00:00:00-05:00,2018,1,1,55.71209716796875,52.55303535027081,56.24268981513495,52.381614260170814,181601100,1079000000,60113352844.23828,60.11335284423828,,,,,,,,16.1784,13.717908,4.1848454,6.683798,,,,32.75387217185675,,Technology,Semiconductors,United States,49000,2018-Q1
QCOM,QUALCOMM INC,2018-02-01 00:00:00-05:00,2018,1,2,53.05914306640625,54.69173208383413,55.79372842503138,49.38581777719351,311057400,1079000000,57250815368.65234,57.25081536865235,,,,,,,,16.1784,13.717908,4.1848454,6.683798,,,,19.604734681129955,,Technology,Semiconductors,United States,49000,2018-Q1
QCOM,QUALCOMM INC,2018-03-01 00:00:00-05:00,2018,1,3,45.61909866333008,53.53925173359358,54.535444979742365,44.17009059080852,320661200,1079000000,49223007457.733154,49.223007457733154,,,,,,,,16.1784,13.717908,4.1848454,6.683798,,,,0.35305073107061435,,Technology,Semiconductors,United States,49000,2018-Q1
QCOM,QUALCOMM INC,2018-04-01 00:00:00-04:00,2018,2,4,41.9965705871582,45.36387083733556,46.75525113842109,39.97948622799756,207468300,1079000000,45314299663.5437,45.3142996635437,,,,,,,,16.1784,13.717908,4.1848454,6.683798,,,,-1.4271073666235257,,Technology,Semiconductors,United States,49000,2018-Q2
QCOM,QUALCOMM INC,2018-05-01 00:00:00-04:00,2018,2,5,47.85023880004883,41.79074476622114,49.398045092321645,40.59696118900453,237099800,1079000000,51630407665.252686,51.63040766525268,,,,,,,,16.1784,13.717908,4.1848454,6.683798,,,,5.389745741045093,,Technology,Semiconductors,United States,49000,2018-Q2
QCOM,QUALCOMM INC,2018-06-01 00:00:00-04:00,2018,2,6,46.686370849609375,48.53319555112315,52.118696732618496,45.82951222701275,188075700,1079000000,50374594146.728516,50.37459414672851,,,,,,,,16.1784,13.717908,4.1848454,6.683798,,,,5.60370747383907,,Technology,Semiconductors,United States,49000,2018-Q2
QCOM,QUALCOMM INC,2018-07-01 00:00:00-04:00,2018,3,7,53.316650390625,46.0874189697698,53.79084110621253,45.85448401477702,208751100,1079000000,57528665771.484375,57.52866577148438,,,,,,,,16.1784,13.717908,4.1848454,6.683798,,,,25.204031750704182,,Technology,Semiconductors,United States,49000,2018-Q3
QCOM,QUALCOMM INC,2018-08-01 00:00:00-04:00,2018,3,8,57.16004180908203,52.86742339920075,58.64082780821498,52.86742339920075,265339500,1079000000,61675685111.99951,61.67568511199951,,,,,,,,16.1784,13.717908,4.1848454,6.683798,,,,36.59209150914853,,Technology,Semiconductors,United States,49000,2018-Q3
QCOM,QUALCOMM INC,2018-09-01 00:00:00-04:00,2018,3,9,59.921958923339844,57.18499789239445,63.6405655327188,57.16004182337818,290784100,1079000000,64655793678.28369,64.65579367828369,,,,,,,,16.1784,13.717908,4.1848454,6.683798,,,,42.79813651863669,,Technology,Semiconductors,United States,49000,2018-Q3
QCOM,QUALCOMM INC,2018-10-01 00:00:00-04:00,2018,4,10,52.79475784301758,60.82856005878225,62.045806700387374,51.35925158681343,341624700,1079000000,56965543712.61597,56.96554371261597,,,,,,,,16.1784,13.717908,4.1848454,6.683798,,,,27.860665997853506,,Technology,Semiconductors,United States,49000,2018-Q4
QCOM,QUALCOMM INC,2018-11-01 00:00:00-04:00,2018,4,11,48.90796661376953,53.05498826562114,54.01198907450976,44.93723770268858,396206800,1079000000,52771695976.257324,52.77169597625733,,,,,,,,16.1784,13.717908,4.1848454,6.683798,,,,-8.923674553763705,,Technology,Semiconductors,United States,49000,2018-Q4
QCOM,QUALCOMM INC,2018-12-01 00:00:00-05:00,2018,4,12,47.774681091308594,50.79679986641792,50.79679986641792,44.920455312985844,308069000,1079000000,51548880897.52197,51.548880897521975,,,,,,,,16.1784,13.717908,4.1848454,6.683798,,,,-8.581255466924931,,Technology,Semiconductors,United States,49000,2018-Q4
QCOM,QUALCOMM INC,2019-01-01 00:00:00-05:00,2019,1,1,42.022239685058594,47.69082957450703,49.362552159500325,41.66582967169678,381565000,1079000000,45341996620.17822,45.34199662017822,,,,,,,,16.1784,13.717908,4.1848454,6.683798,,,,-24.57250431918947,,Technology,Semiconductors,United States,49000,2019-Q1
QCOM,QUALCOMM INC,2019-02-01 00:00:00-05:00,2019,1,2,45.30628967285156,42.07315884281125,45.79847418809699,41.92041214753639,242230300,1079000000,48885486557.006836,48.885486557006836,,,,,,,,16.1784,13.717908,4.1848454,6.683798,,,,-14.611719951548396,,Technology,Semiconductors,United States,49000,2019-Q1
QCOM,QUALCOMM INC,2019-03-01 00:00:00-05:00,2019,1,3,48.39515686035156,45.823926466708656,49.54924145226691,45.000791936891666,261437100,1079000000,52218374252.319336,52.218374252319336,,,,,,,,16.1784,13.717908,4.1848454,6.683798,,,,6.085298215795221,,Technology,Semiconductors,United States,49000,2019-Q1
QCOM,QUALCOMM INC,2019-04-01 00:00:00-04:00,2019,2,4,73.93905639648438,49.48156625414747,76.08520346354324,47.893418734428124,618272400,1079000000,79780241851.80664,79.78024185180664,,,,,,,,16.1784,13.717908,4.1848454,6.683798,,,,76.05974812403755,,Technology,Semiconductors,United States,49000,2019-Q2
QCOM,QUALCOMM INC,2019-05-01 00:00:00-04:00,2019,2,5,57.362205505371094,74.8318373496966,77.55314964016607,55.59378282000298,492653200,1079000000,61893819740.29541,61.89381974029541,,,,,,,,16.1784,13.717908,4.1848454,6.683798,,,,19.878619091264717,,Technology,Semiconductors,United States,49000,2019-Q2
QCOM,QUALCOMM INC,2019-06-01 00:00:00-04:00,2019,2,6,65.30294799804688,57.59398658628522,65.62058005031602,56.512333423568954,250977300,1079000000,70461880889.89258,70.46188088989258,,,,,,,,16.1784,13.717908,4.1848454,6.683798,,,,39.8758284476791,,Technology,Semiconductors,United States,49000,2019-Q2
QCOM,QUALCOMM INC,2019-07-01 00:00:00-04:00,2019,3,7,63.378902435302734,69.88485084034538,69.96282175854957,63.03237897420863,241910800,1079000000,68385835727.69165,68.38583572769166,,,,,,,,16.1784,13.717908,4.1848454,6.683798,,,,18.872626038876295,,Technology,Semiconductors,United States,49000,2019-Q3
QCOM,QUALCOMM INC,2019-08-01 00:00:00-04:00,2019,3,8,67.37255859375,59.67110519744347,68.5247462002865,58.1464126662004,235386600,1079000000,72694990722.65625,72.69499072265624,,,,,,,,16.1784,13.717908,4.1848454,6.683798,,,,17.866531341559178,,Technology,Semiconductors,United States,49000,2019-Q3
QCOM,QUALCOMM INC,2019-09-01 00:00:00-04:00,2019,3,9,66.08177947998047,66.50626730506507,69.68561336874075,64.6523741480502,127860300,1079000000,71302240058.89893,71.30224005889893,,,,,,,,16.1784,13.717908,4.1848454,6.683798,,,,10.279738291802332,,Technology,Semiconductors,United States,49000,2019-Q3
QCOM,QUALCOMM INC,2019-10-01 00:00:00-04:00,2019,4,10,70.23886108398438,67.28749750589414,72.58771944031223,63.57646878204027,134509300,1079000000,75787731109.61914,75.78773110961914,,,,,,,,16.1784,13.717908,4.1848454,6.683798,,,,33.04135477396433,,Technology,Semiconductors,United States,49000,2019-Q4
QCOM,QUALCOMM INC,2019-11-01 00:00:00-04:00,2019,4,11,72.95448303222656,71.24303753459692,82.17529852676978,70.94615834659383,232426900,1079000000,78717887191.77246,78.71788719177246,,,,,,,,16.1784,13.717908,4.1848454,6.683798,,,,49.16687011004661,,Technology,Semiconductors,United States,49000,2019-Q4
QCOM,QUALCOMM INC,2019-12-01 00:00:00-05:00,2019,4,12,77.04097747802734,73.32994787557992,78.98817280937529,69.68876788498778,170341600,1079000000,83127214698.7915,83.1272146987915,,,,,,,,16.1784,13.717908,4.1848454,6.683798,,,,61.25900941292315,,Technology,Semiconductors,United States,49000,2019-Q4
QCOM,QUALCOMM INC,2020-01-01 00:00:00-05:00,2020,1,1,75.0688705444336,78.35990320457368,84.62517113359974,74.83128592802493,202806800,1079000000,80999311317.44385,80.99931131744384,,,,,,,,16.1784,13.717908,4.1848454,6.683798,,,,78.6408128339838,,Technology,Semiconductors,United States,49000,2020-Q1
QCOM,QUALCOMM INC,2020-02-01 00:00:00-05:00,2020,1,2,68.90039825439453,75.28006451078232,81.34294680218544,64.53582067316482,220308800,1079000000,74343529716.4917,74.3435297164917,,,,,,,,16.1784,13.717908,4.1848454,6.683798,,,,52.07689429417353,,Technology,Semiconductors,United States,49000,2020-Q1
QCOM,QUALCOMM INC,2020-03-01 00:00:00-05:00,2020,1,3,59.52888107299805,69.53395234964395,72.72818921718762,51.03732482419969,322085700,1079000000,64231662677.76489,64.23166267776489,,,,,,,,16.1784,13.717908,4.1848454,6.683798,,,,23.0058645016356,,Technology,Semiconductors,United States,49000,2020-Q1
QCOM,QUALCOMM INC,2020-04-01 00:00:00-04:00,2020,2,4,69.77667236328125,57.65201231952801,71.72797530194171,57.25288571023865,215838800,1079000000,75289029479.98047,75.28902947998047,,,,,,,,16.1784,13.717908,4.1848454,6.683798,,,,-5.629479514700753,,Technology,Semiconductors,United States,49000,2020-Q2
QCOM,QUALCOMM INC,2020-05-01 00:00:00-04:00,2020,2,5,71.73683166503906,68.16240839775197,72.69474353674143,65.71441364793085,198180200,1079000000,77404041366.57715,77.40404136657715,,,,,,,,16.1784,13.717908,4.1848454,6.683798,,,,25.059402847266753,,Technology,Semiconductors,United States,49000,2020-Q2
QCOM,QUALCOMM INC,2020-06-01 00:00:00-04:00,2020,2,6,80.8990478515625,70.8587320289176,81.72391508043621,70.28221075851428,222750600,1079000000,87290072631.83594,87.29007263183594,,,,,,,,16.1784,13.717908,4.1848454,6.683798,,,,23.882688809059704,,Technology,Semiconductors,United States,49000,2020-Q2
QCOM,QUALCOMM INC,2020-07-01 00:00:00-04:00,2020,3,7,94.39622497558594,81.34646896155878,96.30899708680084,78.21810246685992,200139000,1079000000,101853526748.65723,101.85352674865723,,,,,,,,16.1784,13.717908,4.1848454,6.683798,,,,48.93950723104701,,Technology,Semiconductors,United States,49000,2020-Q3
QCOM,QUALCOMM INC,2020-08-01 00:00:00-04:00,2020,3,8,106.45382690429688,95.99614876940076,108.20571108518853,93.6185872829284,206050800,1079000000,114863679229.73633,114.86367922973633,,,,,,,,16.1784,13.717908,4.1848454,6.683798,,,,58.00769501155973,,Technology,Semiconductors,United States,49000,2020-Q3
QCOM,QUALCOMM INC,2020-09-01 00:00:00-04:00,2020,3,9,105.18460083007812,108.22358623451223,110.77096855172296,96.80058260838031,179875300,1079000000,113494184295.6543,113.49418429565429,,,,,,,,16.1784,13.717908,4.1848454,6.683798,,,,59.17337828643656,,Technology,Semiconductors,United States,49000,2020-Q3
QCOM,QUALCOMM INC,2020-10-01 00:00:00-04:00,2020,4,10,110.85205841064453,107.76983895298697,118.9934281706675,103.72611116132188,147892300,1079000000,119609371025.08545,119.60937102508545,,,,,,,,16.1784,13.717908,4.1848454,6.683798,,,,57.821548783513286,,Technology,Semiconductors,United States,49000,2020-Q4
QCOM,QUALCOMM INC,2020-11-01 00:00:00-04:00,2020,4,11,132.2478485107422,111.87645134497046,137.78326497651585,109.9983680228244,188777000,1079000000,142695428543.09082,142.69542854309083,,,,,,,,16.1784,13.717908,4.1848454,6.683798,,,,81.27446458954917,,Technology,Semiconductors,United States,49000,2020-Q4
QCOM,QUALCOMM INC,2020-12-01 00:00:00-05:00,2020,4,12,136.89361572265625,133.7035621237071,144.73845488469925,127.50318707013969,176235500,1079000000,147708211364.7461,147.7082113647461,,,,,,,,16.1784,13.717908,4.1848454,6.683798,,,,77.68935468361538,,Technology,Semiconductors,United States,49000,2020-Q4
QCOM,QUALCOMM INC,2021-01-01 00:00:00-05:00,2021,1,1,141.04025268554688,138.08912501423154,151.56322347940235,132.79154630257412,140845500,1079000000,152182432647.70508,152.18243264770507,,,,,,,,16.1784,13.717908,4.1848454,6.683798,,,,87.88114389181403,,Technology,Semiconductors,United States,49000,2021-Q1
QCOM,QUALCOMM INC,2021-02-01 00:00:00-05:00,2021,1,2,122.90935516357422,142.02396853814622,151.2383405105462,121.33000743113845,261880200,1079000000,132619194221.49658,132.61919422149657,,,,,,,,16.1784,13.717908,4.1848454,6.683798,,,,78.38700251015595,,Technology,Semiconductors,United States,49000,2021-Q1
QCOM,QUALCOMM INC,2021-03-01 00:00:00-05:00,2021,1,3,119.66038513183594,124.09158616837169,126.43805076060953,110.99653758370769,254633200,1079000000,129113555557.25098,129.11355555725098,,,,,,,,16.1784,13.717908,4.1848454,6.683798,,,,101.01232036446457,,Technology,Semiconductors,United States,49000,2021-Q1
QCOM,QUALCOMM INC,2021-04-01 00:00:00-04:00,2021,2,4,125.86180877685547,121.96262902223815,131.75591352514206,120.12185587699665,207341500,1079000000,135804891670.22705,135.80489167022705,,,,,,,,16.1784,13.717908,4.1848454,6.683798,,,,80.37806119726632,,Technology,Semiconductors,United States,49000,2021-Q2
QCOM,QUALCOMM INC,2021-05-01 00:00:00-04:00,2021,2,5,121.99888610839844,126.67790149792488,126.73230640117245,112.1512042818947,183636500,1079000000,131636798110.96191,131.6367981109619,,,,,,,,16.1784,13.717908,4.1848454,6.683798,,,,70.06450281781065,,Technology,Semiconductors,United States,49000,2021-Q2
QCOM,QUALCOMM INC,2021-06-01 00:00:00-04:00,2021,2,6,129.60682678222656,122.50670948437725,130.24158761278187,119.16973211521874,156382800,1079000000,139845766098.02246,139.84576609802247,,,,,,,,16.1784,13.717908,4.1848454,6.683798,,,,60.208099136142444,,Technology,Semiconductors,United States,49000,2021-Q2
QCOM,QUALCOMM INC,2021-07-01 00:00:00-04:00,2021,3,7,136.5295867919922,130.2499556137421,138.0972173070809,123.58753287814011,157524100,1079000000,147315424148.55957,147.31542414855957,,,,,,,,16.1784,13.717908,4.1848454,6.683798,,,,44.63458345638649,,Technology,Semiconductors,United States,49000,2021-Q3
QCOM,QUALCOMM INC,2021-08-01 00:00:00-04:00,2021,3,8,133.6951141357422,136.71188756283368,138.78990714122455,126.64989875731214,141352600,1079000000,144257028152.46582,144.2570281524658,,,,,,,,16.1784,13.717908,4.1848454,6.683798,,,,25.589767905606166,,Technology,Semiconductors,United States,49000,2021-Q3
QCOM,QUALCOMM INC,2021-09-01 00:00:00-04:00,2021,3,9,117.55398559570312,133.83181412752901,134.9802028292283,117.29879119689257,144719000,1079000000,126840750457.76367,126.84075045776368,,,,,,,,16.1784,13.717908,4.1848454,6.683798,,,,11.75969169251998,,Technology,Semiconductors,United States,49000,2021-Q3
QCOM,QUALCOMM INC,2021-10-01 00:00:00-04:00,2021,4,10,121.81903076171875,118.85231030210387,122.54240779187897,111.86584122184512,148721100,1079000000,131442734191.89453,131.44273419189454,,,,,,,,16.1784,13.717908,4.1848454,6.683798,,,,9.893341186726335,,Technology,Semiconductors,United States,49000,2021-Q4
QCOM,QUALCOMM INC,2021-11-01 00:00:00-04:00,2021,4,11,165.3310089111328,121.2696030122893,172.84855826605212,121.2696030122893,323236400,1079000000,178392158615.1123,178.3921586151123,,,,,,,,16.1784,13.717908,4.1848454,6.683798,,,,25.01602920043222,,Technology,Semiconductors,United States,49000,2021-Q4
QCOM,QUALCOMM INC,2021-12-01 00:00:00-05:00,2021,4,12,167.4462127685547,165.63321558625657,176.42880686444585,156.76966138673782,190527600,1079000000,180674463577.2705,180.6744635772705,,,,,,,,16.1784,13.717908,4.1848454,6.683798,,,,22.318496654948028,,Technology,Semiconductors,United States,49000,2021-Q4
QCOM,QUALCOMM INC,2022-01-01 00:00:00-05:00,2022,1,1,161.54429626464844,168.11600332754048,177.92299808868518,144.65090424164788,208913700,1079000000,174306295669.55566,174.30629566955565,,,,,,,,16.1784,13.717908,4.1848454,6.683798,,,,14.537724648590844,,Technology,Semiconductors,United States,49000,2022-Q1
QCOM,QUALCOMM INC,2022-02-01 00:00:00-05:00,2022,1,2,158.0791778564453,162.16925191060176,176.56264934690552,143.18944863288493,241774300,1079000000,170567432907.1045,170.5674329071045,,,,,,,,16.1784,13.717908,4.1848454,6.683798,,,,28.614439190625674,,Technology,Semiconductors,United States,49000,2022-Q1
QCOM,QUALCOMM INC,2022-03-01 00:00:00-05:00,2022,1,3,140.459716796875,157.1325283061682,157.941343169737,127.8034492422071,243057800,1079000000,151556034423.82812,151.55603442382812,,,,,,,,16.1784,13.717908,4.1848454,6.683798,,,,17.381969514909535,,Technology,Semiconductors,United States,49000,2022-Q1
QCOM,QUALCOMM INC,2022-04-01 00:00:00-04:00,2022,2,4,128.92727661132812,140.23344821191378,142.25471706156608,120.59301410097632,250536000,1079000000,139112531463.62305,139.11253146362304,,,,,,,,16.1784,13.717908,4.1848454,6.683798,,,,2.435582218516763,,Technology,Semiconductors,United States,49000,2022-Q2
QCOM,QUALCOMM INC,2022-05-01 00:00:00-04:00,2022,2,5,132.18528747558594,129.76715589620986,137.98142933365267,116.16282796087428,217951100,1079000000,142627925186.15723,142.62792518615723,,,,,,,,16.1784,13.717908,4.1848454,6.683798,,,,8.349585551245674,,Technology,Semiconductors,United States,49000,2022-Q2
QCOM,QUALCOMM INC,2022-06-01 00:00:00-04:00,2022,2,6,117.89797973632812,131.5669144533185,134.98183673704636,109.12070434561404,212613700,1079000000,127211920135.49805,127.21192013549805,,,,,,,,16.1784,13.717908,4.1848454,6.683798,,,,-9.03412832224677,,Technology,Semiconductors,United States,49000,2022-Q2
QCOM,QUALCOMM INC,2022-07-01 00:00:00-04:00,2022,3,7,134.5883026123047,116.6722689807095,145.350919171249,111.67136672548149,175158600,1079000000,145220778518.67676,145.22077851867675,,,,,,,,16.1784,13.717908,4.1848454,6.683798,,,,-1.4218780158216648,,Technology,Semiconductors,United States,49000,2022-Q3
QCOM,QUALCOMM INC,2022-08-01 00:00:00-04:00,2022,3,8,122.72162628173828,133.8924700767669,141.8716543284155,121.82164802926353,141858000,1079000000,132416634757.9956,132.4166347579956,,,,,,,,16.1784,13.717908,4.1848454,6.683798,,,,-8.207845084647147,,Technology,Semiconductors,United States,49000,2022-Q3
QCOM,QUALCOMM INC,2022-09-01 00:00:00-04:00,2022,3,9,105.41233825683594,121.27363134312189,125.22963134291145,105.35635235680546,166185200,1079000000,113739912979.12598,113.73991297912598,,,,,,,,16.1784,13.717908,4.1848454,6.683798,,,,-10.328571402610953,,Technology,Semiconductors,United States,49000,2022-Q3
QCOM,QUALCOMM INC,2022-10-01 00:00:00-04:00,2022,4,10,109.77884674072266,107.28768450878418,118.68915994160385,97.64961876850751,164692200,1079000000,118451375633.23975,118.45137563323975,,,,,,,,16.1784,13.717908,4.1848454,6.683798,,,,-9.88366427290578,,Technology,Semiconductors,United States,49000,2022-Q4
QCOM,QUALCOMM INC,2022-11-01 00:00:00-04:00,2022,4,11,118.01739501953125,111.71952617744464,119.5475504426474,95.10248488827335,196716800,1079000000,127340769226.07422,127.34076922607422,,,,,,,,16.1784,13.717908,4.1848454,6.683798,,,,-28.617507510060104,,Technology,Semiconductors,United States,49000,2022-Q4
QCOM,QUALCOMM INC,2022-12-01 00:00:00-05:00,2022,4,12,103.22997283935547,118.98582857671029,120.37549489800809,100.30039496382255,157121100,1079000000,111385140693.66455,111.38514069366455,,,,,,,,16.1784,13.717908,4.1848454,6.683798,,,,-38.35036867507977,,Technology,Semiconductors,United States,49000,2022-Q4
QCOM,QUALCOMM INC,2023-01-01 00:00:00-05:00,2023,1,1,125.0797119140625,104.55390007366839,126.65716848123928,100.59146098982146,169127100,1079000000,134961009155.27344,134.96100915527344,,,,,,,,16.1784,13.717908,4.1848454,6.683798,,,,-22.57249880914902,,Technology,Semiconductors,United States,49000,2023-Q1
QCOM,QUALCOMM INC,2023-02-01 00:00:00-05:00,2023,1,2,115.99051666259766,124.58205337433208,131.39895851487904,115.41774659331602,142245100,1079000000,125153767478.94287,125.15376747894287,,,,,,,,16.1784,13.717908,4.1848454,6.683798,,,,-26.625050664211557,,Technology,Semiconductors,United States,49000,2023-Q1
QCOM,QUALCOMM INC,2023-03-01 00:00:00-05:00,2023,1,3,119.79334259033203,116.22526717968624,120.36611270357378,106.23466462637272,169559400,1079000000,129257016654.96826,129.25701665496825,,,,,,,,16.1784,13.717908,4.1848454,6.683798,,,,-14.713381656912727,,Technology,Semiconductors,United States,49000,2023-Q1
QCOM,QUALCOMM INC,2023-04-01 00:00:00-04:00,2023,2,4,110.34121704101562,119.96772731345767,120.51565630534505,105.9483504810662,108915700,1079000000,119058173187.25586,119.05817318725586,,,,,,,,16.1784,13.717908,4.1848454,6.683798,,,,-14.415925053891543,,Technology,Semiconductors,United States,49000,2023-Q2
QCOM,QUALCOMM INC,2023-05-01 00:00:00-04:00,2023,2,5,107.138671875,110.72853563954112,111.07807802186048,95.85892615196975,221713000,1079000000,115602626953.125,115.602626953125,,,,,,,,16.1784,13.717908,4.1848454,6.683798,,,,-18.948111456966753,,Technology,Semiconductors,United States,49000,2023-Q2
QCOM,QUALCOMM INC,2023-06-01 00:00:00-04:00,2023,2,6,113.2383041381836,108.9766443702832,119.28833503447942,106.76971536303778,176529300,1079000000,122184130165.1001,122.1841301651001,,,,,,,,16.1784,13.717908,4.1848454,6.683798,,,,-3.9522946945873216,,Technology,Semiconductors,United States,49000,2023-Q2
QCOM,QUALCOMM INC,2023-07-01 00:00:00-04:00,2023,3,7,125.72835540771484,113.45706843582134,126.48936826548982,108.0824414364278,163250200,1079000000,135660895484.92432,135.6608954849243,,,,,,,,16.1784,13.717908,4.1848454,6.683798,,,,-6.582999438006009,,Technology,Semiconductors,United States,49000,2023-Q3
QCOM,QUALCOMM INC,2023-08-01 00:00:00-04:00,2023,3,8,108.9480972290039,125.49055217102052,125.93764672473296,102.50805304520743,190511000,1079000000,117554996910.09521,117.55499691009521,,,,,,,,16.1784,13.717908,4.1848454,6.683798,,,,-11.223391891103029,,Technology,Semiconductors,United States,49000,2023-Q3
QCOM,QUALCOMM INC,2023-09-01 00:00:00-04:00,2023,3,9,106.39527893066406,110.84039004314451,112.14326819427978,101.07839324718731,165381600,1079000000,114800505966.18652,114.80050596618652,,,,,,,,16.1784,13.717908,4.1848454,6.683798,,,,0.9324721281043891,,Technology,Semiconductors,United States,49000,2023-Q3
QCOM,QUALCOMM INC,2023-10-01 00:00:00-04:00,2023,4,10,104.41223907470703,105.76302026885288,109.59501370389141,99.94797052353982,154442600,1079000000,112660805961.60889,112.66080596160889,,,,,,,,16.1784,13.717908,4.1848454,6.683798,,,,-4.888562619618842,3.0,Technology,Semiconductors,United States,49000,2023-Q4
QCOM,QUALCOMM INC,2023-11-01 00:00:00-04:00,2023,4,11,123.62969207763672,104.58467988047856,125.11459246877705,104.13441947894772,207210200,1079000000,133396437751.77002,133.39643775177,,,,,,,,16.1784,13.717908,4.1848454,6.683798,,,,4.755482916036802,3.0,Technology,Semiconductors,United States,49000,2023-Q4
QCOM,QUALCOMM INC,2023-12-01 00:00:00-05:00,2023,4,12,139.4364776611328,124.42557463166675,141.6153178943337,123.43256213818871,159806700,1079000000,150451959396.3623,150.4519593963623,,,,,,,,16.1784,13.717908,4.1848454,6.683798,,,,35.07363590816905,3.0,Technology,Semiconductors,United States,49000,2023-Q4
QCOM,QUALCOMM INC,2024-01-01 00:00:00-05:00,2024,1,1,143.17715454101562,137.0841068397152,152.30709783394198,130.0944468247821,188135200,1079000000,154488149749.75586,154.48814974975585,,,,,,,,16.1784,13.717908,4.1848454,6.683798,,,,14.468727461882214,,Technology,Semiconductors,United States,49000,2024-Q1
QCOM,QUALCOMM INC,2024-02-01 00:00:00-05:00,2024,1,2,152.12391662597656,135.81149821997033,153.48328850419247,134.2593110785921,186391500,1079000000,164141706039.4287,164.1417060394287,,,,,,,,16.1784,13.717908,4.1848454,6.683798,,,,31.152029496072142,,Technology,Semiconductors,United States,49000,2024-Q1
QCOM,QUALCOMM INC,2024-03-01 00:00:00-05:00,2024,1,3,164.04966735839844,154.44699296392403,172.0825711769393,153.1679365236045,174920800,1079000000,177009591079.7119,177.00959107971192,,,,,,,,16.1784,13.717908,4.1848454,6.683798,,,,36.94389338430408,,Technology,Semiconductors,United States,49000,2024-Q1
QCOM,QUALCOMM INC,2024-04-01 00:00:00-04:00,2024,2,4,160.7066650390625,163.05161421494074,170.5322027263595,151.49157973500405,154500600,1079000000,173402491577.14844,173.40249157714842,9393000000.0,9393.0,5219000000.0,2129000000.0,2221000000.0,2866000000.0,4.615205247981168,16.1784,13.717908,4.1848454,6.683798,,,,45.6451807843711,,Technology,Semiconductors,United States,49000,2024-Q2
QCOM,QUALCOMM INC,2024-05-01 00:00:00-04:00,2024,2,5,197.7220001220703,159.40820714279423,210.6870492301726,158.71053461489112,232104200,1079000000,213342038131.71387,213.34203813171388,9393000000.0,9393.0,5219000000.0,2129000000.0,2221000000.0,2866000000.0,5.678218836679279,16.1784,13.717908,4.1848454,6.683798,,0.0,,84.54774234345092,,Technology,Semiconductors,United States,49000,2024-Q2
QCOM,QUALCOMM INC,2024-06-01 00:00:00-04:00,2024,2,6,193.7939910888672,203.89331154138148,224.39356739930082,188.59839293255905,225397700,1079000000,209103716384.8877,209.1037163848877,9393000000.0,9393.0,5219000000.0,2129000000.0,2221000000.0,2866000000.0,5.565413509658461,16.1784,13.717908,4.1848454,6.683798,,0.0,,71.13819618172866,,Technology,Semiconductors,United States,49000,2024-Q2
QCOM,QUALCOMM INC,2024-07-01 00:00:00-04:00,2024,3,7,176.0569305419922,194.07613563082504,205.38191461810035,162.26037885528473,192314000,1079000000,189965428054.80957,189.96542805480956,10244000000.0,10244.0,5777000000.0,2920000000.0,2535000000.0,3215000000.0,4.636016889272002,16.1784,13.717908,4.1848454,6.683798,,9.05993825188971,,40.029613821854795,,Technology,Semiconductors,United States,49000,2024-Q3
QCOM,QUALCOMM INC,2024-08-01 00:00:00-04:00,2024,3,8,170.55972290039062,167.115439580506,172.18456271773718,147.29626866101657,207080400,1079000000,184033941009.52148,184.03394100952147,10244000000.0,10244.0,5777000000.0,2920000000.0,2535000000.0,3215000000.0,4.491261738811048,16.1784,13.717908,4.1848454,6.683798,,0.0,9.05993825188971,56.55135540539262,,Technology,Semiconductors,United States,49000,2024-Q3
QCOM,QUALCOMM INC,2024-09-01 00:00:00-04:00,2024,3,9,165.45169067382812,167.2419317762937,172.01916431102893,152.8810614342383,172127500,1079000000,178522374237.06055,178.52237423706055,10244000000.0,10244.0,5777000000.0,2920000000.0,2535000000.0,3215000000.0,4.356754545027835,16.1784,13.717908,4.1848454,6.683798,,0.0,9.05993825188971,55.50660925627169,,Technology,Semiconductors,United States,49000,2024-Q3
QCOM,QUALCOMM INC,2024-10-01 00:00:00-04:00,2024,4,10,159.1869659423828,166.06221412620474,175.8714236376172,158.51215244937313,159375300,1079000000,171762736251.83105,171.76273625183106,11669000000.0,11669.0,6508000000.0,3180000000.0,3555000000.0,4234000000.0,3.6798940837224925,16.1784,13.717908,4.1848454,6.683798,,13.910581803982813,24.230810177791984,52.460063449539106,3.0,Technology,Semiconductors,United States,49000,2024-Q4
QCOM,QUALCOMM INC,2024-11-01 00:00:00-04:00,2024,4,11,155.04031372070312,159.49015858291614,178.09147979705952,149.58314320969322,185788700,1079000000,167288498504.63867,167.28849850463868,11669000000.0,11669.0,6508000000.0,3180000000.0,3555000000.0,4234000000.0,3.5840367320387068,16.1784,13.717908,4.1848454,6.683798,,0.0,13.910581803982813,25.407020850089346,3.0,Technology,Semiconductors,United States,49000,2024-Q4
QCOM,QUALCOMM INC,2024-12-01 00:00:00-05:00,2024,4,12,150.23837280273438,154.893600926958,161.36787072243345,146.14060448581606,166380400,1079000000,162107204254.1504,162.1072042541504,11669000000.0,11669.0,6508000000.0,3180000000.0,3555000000.0,4234000000.0,3.4730311992062384,16.1784,13.717908,4.1848454,6.683798,,0.0,13.910581803982813,7.746821579825758,3.0,Technology,Semiconductors,United States,49000,2024-Q4
QCOM,QUALCOMM INC,2025-01-01 00:00:00-05:00,2025,1,1,170.00799560546875,152.3907915403076,173.80277380818396,150.2083016671886,149834100,1079000000,183438627258.30078,183.43862725830078,10979000000.0,10979.0,6042000000.0,2812000000.0,3120000000.0,3665000000.0,4.177034048144202,16.1784,13.717908,4.1848454,6.683798,,-5.913103093666983,7.1749316673174635,18.73961048497228,,Technology,Semiconductors,United States,49000,2025-Q1
QCOM,QUALCOMM INC,2025-02-01 00:00:00-05:00,2025,1,2,154.51431274414062,166.02645666920156,174.0092490572841,150.80800984926108,162804800,1079000000,166720943450.92773,166.72094345092773,10979000000.0,10979.0,6042000000.0,2812000000.0,3120000000.0,3665000000.0,3.796359947420706,16.1784,13.717908,4.1848454,6.683798,,0.0,-5.913103093666983,1.5713479978570755,,Technology,Semiconductors,United States,49000,2025-Q1
QCOM,QUALCOMM INC,2025-03-01 00:00:00-05:00,2025,1,3,151.0144500732422,156.30354893100588,159.0857321777013,145.3812741714251,153197100,1079000000,162944591629.02832,162.9445916290283,10979000000.0,10979.0,6042000000.0,2812000000.0,3120000000.0,3665000000.0,3.710369606271708,16.1784,13.717908,4.1848454,6.683798,,0.0,-5.913103093666983,-7.945896809823017,,Technology,Semiconductors,United States,49000,2025-Q1
QCOM,QUALCOMM INC,2025-04-01 00:00:00-04:00,2025,2,4,146.73846435546875,150.62288483299062,153.657292349785,119.39920611828417,220074200,1079000000,158330803039.55078,158.33080303955077,10365000000.0,10365.0,5759000000.0,2666000000.0,2762000000.0,3518000000.0,3.8188809223239457,16.1784,13.717908,4.1848454,6.683798,,-5.59249476272885,-11.17490787556774,-8.691737010533163,,Technology,Semiconductors,United States,49000,2025-Q2
QCOM,QUALCOMM INC,2025-05-01 00:00:00-04:00,2025,2,5,143.51625061035156,137.1805776673798,154.3195136329402,133.30603599086027,194490100,1079000000,154854034408.56934,154.85403440856933,10365000000.0,10365.0,5759000000.0,2666000000.0,2762000000.0,3518000000.0,3.735022537592121,16.1784,13.717908,4.1848454,6.683798,,0.0,-5.59249476272885,-27.415133105194677,,Technology,Semiconductors,United States,49000,2025-Q2
QCOM,QUALCOMM INC,2025-06-01 00:00:00-04:00,2025,2,6,157.4132080078125,143.12089530393567,160.2598162165188,142.804598799925,168025100,1079000000,169848851440.4297,169.84885144042968,10365000000.0,10365.0,5759000000.0,2666000000.0,2762000000.0,3518000000.0,4.096692027024353,16.1784,13.717908,4.1848454,6.683798,,0.0,-5.59249476272885,-18.772915959180448,,Technology,Semiconductors,United States,49000,2025-Q2
QCOM,QUALCOMM INC,2025-07-01 00:00:00-04:00,2025,3,7,145.9295196533203,157.32467730917978,163.03220167397413,144.75620423483838,177031200,1079000000,157457951705.93262,157.45795170593263,,,,,,,,16.1784,13.717908,4.1848454,6.683798,,0.0,-5.59249476272885,-17.112311793647926,,Technology,Semiconductors,United States,49000,2025-Q3
QCOM,QUALCOMM INC,2025-08-01 00:00:00-04:00,2025,3,8,159.8204803466797,145.63124025876917,160.68556763524575,143.29453202592535,152923800,1079000000,172446298294.06738,172.4462982940674,,,,,,,,16.1784,13.717908,4.1848454,6.683798,,0.0,0.0,-6.2964704509884895,,Technology,Semiconductors,United States,49000,2025-Q3
QCOM,QUALCOMM INC,2025-09-01 00:00:00-04:00,2025,3,9,165.4186248779297,156.92695656417675,173.45290467475877,153.59590702737034,161246000,1079000000,178486696243.28613,178.48669624328613,,,,,,,,16.1784,13.717908,4.1848454,6.683798,,0.0,0.0,-0.019985166524305598,,Technology,Semiconductors,United States,49000,2025-Q3
QCOM,QUALCOMM INC,2025-10-01 00:00:00-04:00,2025,4,10,167.77000427246094,165.8000030517578,171.97999572753906,163.88499450683594,46669388,1079000000,181023834609.98535,181.02383460998536,,,,,,,,16.1784,13.717908,4.1848454,6.683798,,0.0,0.0,5.391797173384605,,Technology,Semiconductors,United States,49000,2025-Q4
